{"time": "2026-09-04 13:46:41", "event": "fail", "query": "宝盈纳斯达克100指数(QDII)A", "fund_code": "", "reason": "相似度低", "score": 0.7407, "matched_name": ""}
{"time": "2026-09-04 13:46:43", "event": "fail", "query": "广发纳斯达克100ETF联接(QDII)C", "fund_code": "", "reason": "相似度低", "score": 0.7407, "matched_name": ""}
{"time": "2026-09-04 13:50:37", "event": "user_fix", "query": "国泰黄金ETF联接A", "fund_code": "000218", "reason": "用户手动修正", "score": null, "matched_name": "国泰黄金ETF联接A"}
{"time": "2026-09-04 13:50:37", "event": "user_fix", "query": "平安科技精选混合C", "fund_code": "024535", "reason": "用户手动修正", "score": null, "matched_name": "平安科技精选混合C"}
{"time": "2026-09-04 13:50:37", "event": "user_fix", "query": "红土创新新科技股票C", "fund_code": "026155", "reason": "用户手动修正", "score": null, "matched_name": "红土创新新科技股票C"}
{"time": "2026-09-04 13:50:37", "event": "user_fix", "query": "广发上海金ETF联接C", "fund_code": "008987", "reason": "用户手动修正", "score": null, "matched_name": "广发上海金ETF联接C"}
{"time": "2026-09-04 13:50:37", "event": "user_fix", "query": "华泰柏瑞质量成长混合C", "fund_code": "011452", "reason": "用户手动修正", "score": null, "matched_name": "华泰柏瑞质量成长混合C"}
{"time": "2026-09-04 13:50:37", "event": "user_fix", "query": "方正富邦核心优势混合C", "fund_code": "018816", "reason": "用户手动修正", "score": null, "matched_name": "方正富邦核心优势混合C"}
{"time": "2026-09-04 13:50:37", "event": "user_fix", "query": "摩根标普500指数(QDII)A", "fund_code": "017641", "reason": "用户手动修正", "score": null, "matched_name": "摩根标普500指数(QDII)A"}
{"time": "2026-09-04 13:50:37", "event": "user_fix", "query": "华夏新锦程灵活配置混合C", "fund_code": "002839", "reason": "用户手动修正", "score": null, "matched_name": "华夏新锦程灵活配置混合C"}
{"time": "2026-09-04 13:50:37", "event": "user_fix", "query": "东方阿尔法科技智选混合C", "fund_code": "025500", "reason": "用户手动修正", "score": null, "matched_name": "东方阿尔法科技智选混合C"}
{"time": "2026-09-04 13:50:37", "event": "user_fix", "query": "摩根纳斯达克100指数(QDII)A", "fund_code": "019172", "reason": "用户手动修正", "score": null, "matched_name": "摩根纳斯达克100指数(QDII)A"}
{"time": "2026-09-04 13:50:37", "event": "user_fix", "query": "天弘纳斯达克100指数(QDII)A", "fund_code": "018043", "reason": "用户手动修正", "score": null, "matched_name": "天弘纳斯达克100指数(QDII)A"}
{"time": "2026-09-04 13:50:37", "event": "user_fix", "query": "财通成长优选混合C", "fund_code": "021528", "reason": "用户手动修正", "score": null, "matched_name": "财通成长优选混合C"}
{"time": "2026-09-04 13:50:37", "event": "user_fix", "query": "天弘标普500(QDII-FOF)A", "fund_code": "007721", "reason": "用户手动修正", "score": null, "matched_name": "天弘标普500(QDII-FOF)A"}
{"time": "2026-09-04 13:50:37", "event": "user_fix", "query": "创金合信恒睿90天持有期债券A", "fund_code": "022807", "reason": "用户手动修正", "score": null, "matched_name": "创金合信恒睿90天持有期债券A"}
{"time": "2026-09-04 13:50:37", "event": "user_fix", "query": "南方纳斯达克100指数(QDII)A", "fund_code": "016452", "reason": "用户手动修正", "score": null, "matched_name": "南方纳斯达克100指数(QDII)A"}
{"time": "2026-09-04 13:50:37", "event": "user_fix", "query": "华安纳斯达克100ETF联接(QDII)C", "fund_code": "014978", "reason": "用户手动修正", "score": null, "matched_name": "华安纳斯达克100ETF联接(QDII)C"}
{"time": "2026-09-04 13:50:37", "event": "user_fix", "query": "易方达全球成长精选混合(QDII)C", "fund_code": "012922", "reason": "用户手动修正", "score": null, "matched_name": "易方达全球成长精选混合(QDII)C"}
{"time": "2026-09-04 13:50:37", "event": "user_fix", "query": "嘉实创新先锋混合C", "fund_code": "009995", "reason": "用户手动修正", "score": null, "matched_name": "嘉实创新先锋混合C"}
{"time": "2026-09-04 13:50:37", "event": "user_fix", "query": "平安半导体领航精选混合C", "fund_code": "026633", "reason": "用户手动修正", "score": null, "matched_name": "平安半导体领航精选混合C"}
{"time": "2026-09-04 13:50:37", "event": "user_fix", "query": "华夏上证科创板半导体材料设备主题ETF联接C", "fund_code": "024418", "reason": "用户手动修正", "score": null, "matched_name": "华夏上证科创板半导体材料设备主题ETF联接C"}
{"time": "2026-09-04 13:50:37", "event": "user_fix", "query": "华夏半导体材料设备ETF联接C", "fund_code": "020357", "reason": "用户手动修正", "score": null, "matched_name": "华夏半导体材料设备ETF联接C"}
{"time": "2026-09-04 13:50:37", "event": "user_fix", "query": "东方人工智能主题混合C", "fund_code": "017811", "reason": "用户手动修正", "score": null, "matched_name": "东方人工智能主题混合C"}
{"time": "2026-09-04 14:26:06", "event": "resolve_fail", "query": "", "fund_code": "", "reason": "标识为空", "score": 0.0, "matched_name": ""}
{"time": "2026-09-04 14:26:06", "event": "resolve_fail", "query": "999998", "fund_code": "", "reason": "未找到该基金代码，请确认后手动输入", "score": 0.0, "matched_name": ""}
{"time": "2026-09-04 14:26:07", "event": "resolve_name", "query": "华夏国证半导体芯片ETF联接C", "fund_code": "008888", "reason": "名称高置信匹配", "score": 1.0, "matched_name": "华夏国证半导体芯片ETF联接C"}
{"time": "2026-09-04 14:26:20", "event": "resolve_name", "query": "华夏国证半导体芯片ETF联接C", "fund_code": "008888", "reason": "名称高置信匹配", "score": 1.0, "matched_name": "华夏国证半导体芯片ETF联接C"}
{"time": "2026-09-04 14:26:20", "event": "resolve_code", "query": "000001", "fund_code": "000001", "reason": "按基金代码识别", "score": 1.0, "matched_name": "华夏成长混合"}
{"time": "2026-09-04 14:41:27", "event": "resolve_code", "query": "021031", "fund_code": "021031", "reason": "按基金代码识别", "score": 1.0, "matched_name": "汇添富国证港股通创新药ETF发起式联接C"}
{"time": "2026-09-04 14:41:27", "event": "resolve_code", "query": "023930", "fund_code": "023930", "reason": "按基金代码识别", "score": 1.0, "matched_name": "银华国证港股通创新药ETF发起式联接C"}
{"time": "2026-09-04 14:41:27", "event": "resolve_code", "query": "024329", "fund_code": "024329", "reason": "按基金代码识别", "score": 1.0, "matched_name": "易方达恒生港股通创新药ETF联接发起式C"}
{"time": "2026-09-04 14:41:27", "event": "resolve_code", "query": "020398", "fund_code": "020398", "reason": "按基金代码识别", "score": 1.0, "matched_name": "中银港股通医药混合发起C"}
{"time": "2026-09-04 14:41:27", "event": "resolve_code", "query": "010500", "fund_code": "010500", "reason": "按基金代码识别", "score": 1.0, "matched_name": "中银创新医疗混合C"}
{"time": "2026-09-04 14:41:27", "event": "resolve_code", "query": "022150", "fund_code": "022150", "reason": "按基金代码识别", "score": 1.0, "matched_name": "诺安精选价值混合C"}
{"time": "2026-09-04 14:41:27", "event": "resolve_code", "query": "024358", "fund_code": "024358", "reason": "按基金代码识别", "score": 1.0, "matched_name": "东方阿尔法健康产业混合发起C"}
{"time": "2026-09-04 14:41:27", "event": "resolve_code", "query": "014842", "fund_code": "014842", "reason": "按基金代码识别", "score": 1.0, "matched_name": "东方阿尔法医疗健康混合发起C"}
{"time": "2026-09-04 14:41:27", "event": "resolve_code", "query": "020232", "fund_code": "020232", "reason": "按基金代码识别", "score": 1.0, "matched_name": "嘉实互融精选股票C"}
{"time": "2026-09-04 14:41:27", "event": "resolve_code", "query": "022302", "fund_code": "022302", "reason": "按基金代码识别", "score": 1.0, "matched_name": "安信医药创新股票型发起C"}
{"time": "2026-09-04 14:41:27", "event": "resolve_code", "query": "013038", "fund_code": "013038", "reason": "按基金代码识别", "score": 1.0, "matched_name": "长城大健康混合C"}
{"time": "2026-09-04 14:41:27", "event": "resolve_code", "query": "015916", "fund_code": "015916", "reason": "按基金代码识别", "score": 1.0, "matched_name": "永赢医药创新智选混合发起C"}
{"time": "2026-09-04 14:41:27", "event": "resolve_code", "query": "024380", "fund_code": "024380", "reason": "按基金代码识别", "score": 1.0, "matched_name": "平安港股通医疗创新精选混合C"}
{"time": "2026-09-04 14:41:27", "event": "resolve_code", "query": "019917", "fund_code": "019917", "reason": "按基金代码识别", "score": 1.0, "matched_name": "富国医药创新股票C"}
{"time": "2026-09-04 14:41:27", "event": "resolve_code", "query": "021089", "fund_code": "021089", "reason": "按基金代码识别", "score": 1.0, "matched_name": "鹏华中证港股通医药卫生ETF发起式联接C"}
{"time": "2026-09-04 14:41:27", "event": "resolve_code", "query": "016971", "fund_code": "016971", "reason": "按基金代码识别", "score": 1.0, "matched_name": "华夏恒生生物科技ETF发起式联接(QDII)C"}
{"time": "2026-09-04 14:41:27", "event": "resolve_code", "query": "019310", "fund_code": "019310", "reason": "按基金代码识别", "score": 1.0, "matched_name": "中航恒宇港股通价值优选混合发起C"}
{"time": "2026-09-04 14:41:27", "event": "resolve_code", "query": "012359", "fund_code": "012359", "reason": "按基金代码识别", "score": 1.0, "matched_name": "汇丰晋信医疗先锋混合C"}
{"time": "2026-09-04 14:41:27", "event": "resolve_code", "query": "019671", "fund_code": "019671", "reason": "按基金代码识别", "score": 1.0, "matched_name": "广发港股创新药ETF联接(QDII)C"}
{"time": "2026-09-04 14:41:27", "event": "resolve_code", "query": "018046", "fund_code": "018046", "reason": "按基金代码识别", "score": 1.0, "matched_name": "东方创新医疗股票C"}
{"time": "2026-09-04 14:41:27", "event": "resolve_code", "query": "010655", "fund_code": "010655", "reason": "按基金代码识别", "score": 1.0, "matched_name": "天弘医药创新C"}
{"time": "2026-09-04 14:41:27", "event": "resolve_code", "query": "023598", "fund_code": "023598", "reason": "按基金代码识别", "score": 1.0, "matched_name": "景顺长城中证港股通创新药ETF联接C"}
{"time": "2026-09-04 14:41:27", "event": "resolve_code", "query": "021760", "fund_code": "021760", "reason": "按基金代码识别", "score": 1.0, "matched_name": "中欧中证港股通创新药指数发起C"}
{"time": "2026-09-04 14:41:27", "event": "resolve_code", "query": "020459", "fund_code": "020459", "reason": "按基金代码识别", "score": 1.0, "matched_name": "平安医药精选股票C"}
{"time": "2026-09-04 14:41:27", "event": "resolve_code", "query": "024344", "fund_code": "024344", "reason": "按基金代码识别", "score": 1.0, "matched_name": "汇添富创新医药混合C"}
{"time": "2026-09-04 14:41:27", "event": "resolve_code", "query": "020137", "fund_code": "020137", "reason": "按基金代码识别", "score": 1.0, "matched_name": "平安医疗健康混合C"}
{"time": "2026-09-04 14:41:27", "event": "resolve_code", "query": "020437", "fund_code": "020437", "reason": "按基金代码识别", "score": 1.0, "matched_name": "宝盈医疗健康沪港深股票C"}
{"time": "2026-09-04 14:41:27", "event": "resolve_code", "query": "022691", "fund_code": "022691", "reason": "按基金代码识别", "score": 1.0, "matched_name": "华安医药生物股票发起式C"}
{"time": "2026-09-04 14:41:27", "event": "resolve_code", "query": "019621", "fund_code": "019621", "reason": "按基金代码识别", "score": 1.0, "matched_name": "汇安行业优选混合C"}
{"time": "2026-09-04 14:41:27", "event": "resolve_code", "query": "006003", "fund_code": "006003", "reason": "按基金代码识别", "score": 1.0, "matched_name": "工银医药健康股票C"}
{"time": "2026-09-04 14:41:27", "event": "resolve_code", "query": "015033", "fund_code": "015033", "reason": "按基金代码识别", "score": 1.0, "matched_name": "国联医药消费混合C"}
{"time": "2026-09-04 14:41:27", "event": "resolve_code", "query": "023394", "fund_code": "023394", "reason": "按基金代码识别", "score": 1.0, "matched_name": "宝盈创新医疗混合发起式C"}
{"time": "2026-09-04 14:41:27", "event": "resolve_code", "query": "010394", "fund_code": "010394", "reason": "按基金代码识别", "score": 1.0, "matched_name": "工银健康生活混合C"}
{"time": "2026-09-04 14:41:27", "event": "resolve_code", "query": "018529", "fund_code": "018529", "reason": "按基金代码识别", "score": 1.0, "matched_name": "华宝大健康混合C"}
{"time": "2026-09-04 14:41:27", "event": "resolve_code", "query": "006721", "fund_code": "006721", "reason": "按基金代码识别", "score": 1.0, "matched_name": "平安核心优势混合C"}
{"time": "2026-09-04 14:41:27", "event": "resolve_code", "query": "022287", "fund_code": "022287", "reason": "按基金代码识别", "score": 1.0, "matched_name": "长城医药产业精选混合发起式C"}
{"time": "2026-09-04 14:41:27", "event": "resolve_code", "query": "006229", "fund_code": "006229", "reason": "按基金代码识别", "score": 1.0, "matched_name": "中欧医疗创新股票C"}
{"time": "2026-09-04 14:41:27", "event": "resolve_code", "query": "018076", "fund_code": "018076", "reason": "按基金代码识别", "score": 1.0, "matched_name": "光大健康优加混合C"}
{"time": "2026-09-04 14:41:27", "event": "resolve_code", "query": "025023", "fund_code": "025023", "reason": "按基金代码识别", "score": 1.0, "matched_name": "浦银医疗创新混合C"}
{"time": "2026-09-04 14:41:27", "event": "resolve_code", "query": "014118", "fund_code": "014118", "reason": "按基金代码识别", "score": 1.0, "matched_name": "国泰创新药ETF联接C"}
{"time": "2026-09-04 14:41:27", "event": "resolve_code", "query": "010710", "fund_code": "010710", "reason": "按基金代码识别", "score": 1.0, "matched_name": "安信医药健康股票C"}
{"time": "2026-09-04 14:41:27", "event": "resolve_code", "query": "022082", "fund_code": "022082", "reason": "按基金代码识别", "score": 1.0, "matched_name": "景顺长城医疗产业股票C"}
{"time": "2026-09-04 14:41:27", "event": "resolve_code", "query": "013357", "fund_code": "013357", "reason": "按基金代码识别", "score": 1.0, "matched_name": "大摩沪港深精选混合C"}
{"time": "2026-09-04 14:41:27", "event": "resolve_code", "query": "015053", "fund_code": "015053", "reason": "按基金代码识别", "score": 1.0, "matched_name": "东方红医疗升级股票发起C"}
{"time": "2026-09-04 14:41:27", "event": "resolve_code", "query": "014115", "fund_code": "014115", "reason": "按基金代码识别", "score": 1.0, "matched_name": "广发沪港深医药混合C"}
{"time": "2026-09-04 14:41:27", "event": "resolve_code", "query": "015171", "fund_code": "015171", "reason": "按基金代码识别", "score": 1.0, "matched_name": "申万菱信医药先锋股票C"}
{"time": "2026-09-04 14:41:27", "event": "resolve_code", "query": "006241", "fund_code": "006241", "reason": "按基金代码识别", "score": 1.0, "matched_name": "国联医疗健康混合C"}
{"time": "2026-09-04 14:41:27", "event": "resolve_code", "query": "018160", "fund_code": "018160", "reason": "按基金代码识别", "score": 1.0, "matched_name": "国泰创新医疗混合发起C"}
{"time": "2026-09-04 14:41:27", "event": "resolve_code", "query": "020559", "fund_code": "020559", "reason": "按基金代码识别", "score": 1.0, "matched_name": "工银健康产业混合C"}
{"time": "2026-09-04 14:41:27", "event": "resolve_code", "query": "027050", "fund_code": "027050", "reason": "按基金代码识别", "score": 1.0, "matched_name": "融通医疗创新臻选混合C"}
{"time": "2026-09-04 14:41:27", "event": "resolve_code", "query": "019346", "fund_code": "019346", "reason": "按基金代码识别", "score": 1.0, "matched_name": "交银医疗健康混合发起C"}
{"time": "2026-09-04 14:41:27", "event": "resolve_code", "query": "013941", "fund_code": "013941", "reason": "按基金代码识别", "score": 1.0, "matched_name": "东吴医疗服务股票C"}
{"time": "2026-09-04 14:41:27", "event": "resolve_code", "query": "008924", "fund_code": "008924", "reason": "按基金代码识别", "score": 1.0, "matched_name": "建信医疗健康行业股票C"}
{"time": "2026-09-04 14:41:27", "event": "resolve_code", "query": "015066", "fund_code": "015066", "reason": "按基金代码识别", "score": 1.0, "matched_name": "华夏逸享健康混合C"}
{"time": "2026-09-04 14:41:27", "event": "resolve_code", "query": "013483", "fund_code": "013483", "reason": "按基金代码识别", "score": 1.0, "matched_name": "华安医疗创新混合C"}
{"time": "2026-09-04 14:41:27", "event": "resolve_code", "query": "013957", "fund_code": "013957", "reason": "按基金代码识别", "score": 1.0, "matched_name": "华商医药消费精选混合C"}
{"time": "2026-09-04 14:41:27", "event": "resolve_code", "query": "010321", "fund_code": "010321", "reason": "按基金代码识别", "score": 1.0, "matched_name": "中银大健康股票C"}
{"time": "2026-09-04 14:41:28", "event": "resolve_code", "query": "027046", "fund_code": "027046", "reason": "按基金代码识别", "score": 1.0, "matched_name": "弘毅远方医疗创新混合C"}
{"time": "2026-09-04 14:41:28", "event": "resolve_code", "query": "013349", "fund_code": "013349", "reason": "按基金代码识别", "score": 1.0, "matched_name": "创金合信大健康混合C"}
{"time": "2026-09-04 14:41:28", "event": "resolve_code", "query": "007553", "fund_code": "007553", "reason": "按基金代码识别", "score": 1.0, "matched_name": "中信建投医改混合C"}
{"time": "2026-09-04 14:41:28", "event": "resolve_code", "query": "010159", "fund_code": "010159", "reason": "按基金代码识别", "score": 1.0, "matched_name": "中银医疗保健混合C"}
{"time": "2026-09-04 14:41:28", "event": "resolve_code", "query": "021309", "fund_code": "021309", "reason": "按基金代码识别", "score": 1.0, "matched_name": "鹏华创新医药混合C"}
{"time": "2026-09-04 14:41:28", "event": "resolve_code", "query": "015121", "fund_code": "015121", "reason": "按基金代码识别", "score": 1.0, "matched_name": "汇添富医疗服务灵活配置混合C"}
{"time": "2026-09-04 14:41:28", "event": "resolve_code", "query": "002165", "fund_code": "002165", "reason": "按基金代码识别", "score": 1.0, "matched_name": "汇添富达欣混合C"}
{"time": "2026-09-04 14:41:28", "event": "resolve_code", "query": "010091", "fund_code": "010091", "reason": "按基金代码识别", "score": 1.0, "matched_name": "中信建投医药健康C"}
{"time": "2026-09-04 14:41:28", "event": "resolve_code", "query": "018209", "fund_code": "018209", "reason": "按基金代码识别", "score": 1.0, "matched_name": "富国精准医疗混合C"}
{"time": "2026-09-04 14:41:28", "event": "resolve_code", "query": "019029", "fund_code": "019029", "reason": "按基金代码识别", "score": 1.0, "matched_name": "华宝医药生物混合C"}
{"time": "2026-09-04 14:41:28", "event": "resolve_code", "query": "010685", "fund_code": "010685", "reason": "按基金代码识别", "score": 1.0, "matched_name": "工银前沿医疗股票C"}
{"time": "2026-09-04 14:41:28", "event": "resolve_code", "query": "007862", "fund_code": "007862", "reason": "按基金代码识别", "score": 1.0, "matched_name": "金元顺安医疗健康混合C"}
{"time": "2026-09-04 14:41:28", "event": "resolve_code", "query": "015562", "fund_code": "015562", "reason": "按基金代码识别", "score": 1.0, "matched_name": "长城医疗保健混合C"}
{"time": "2026-09-04 14:41:28", "event": "resolve_code", "query": "010031", "fund_code": "010031", "reason": "按基金代码识别", "score": 1.0, "matched_name": "华泰柏瑞生物医药混合C"}
{"time": "2026-09-04 14:41:28", "event": "resolve_code", "query": "014933", "fund_code": "014933", "reason": "按基金代码识别", "score": 1.0, "matched_name": "南方医药保健混合C"}
{"time": "2026-09-04 14:41:28", "event": "resolve_code", "query": "012738", "fund_code": "012738", "reason": "按基金代码识别", "score": 1.0, "matched_name": "广发创新药ETF联接C"}
{"time": "2026-09-04 14:41:28", "event": "resolve_code", "query": "012782", "fund_code": "012782", "reason": "按基金代码识别", "score": 1.0, "matched_name": "银华中证创新药产业ETF发起式联接C"}
{"time": "2026-09-04 14:41:28", "event": "resolve_code", "query": "021098", "fund_code": "021098", "reason": "按基金代码识别", "score": 1.0, "matched_name": "南方中证创新药产业ETF发起联接C"}
{"time": "2026-09-04 14:41:28", "event": "resolve_code", "query": "021293", "fund_code": "021293", "reason": "按基金代码识别", "score": 1.0, "matched_name": "鹏华国证疫苗与生物科技ETF发起式联接C"}
{"time": "2026-09-04 14:41:28", "event": "resolve_code", "query": "013073", "fund_code": "013073", "reason": "按基金代码识别", "score": 1.0, "matched_name": "泰信医疗服务混合发起式C"}
{"time": "2026-09-04 14:41:28", "event": "resolve_code", "query": "011082", "fund_code": "011082", "reason": "按基金代码识别", "score": 1.0, "matched_name": "国投瑞银医疗保健混合C"}
{"time": "2026-09-04 14:41:28", "event": "resolve_code", "query": "003231", "fund_code": "003231", "reason": "按基金代码识别", "score": 1.0, "matched_name": "创金合信医疗保健股票C"}
{"time": "2026-09-04 14:41:28", "event": "resolve_code", "query": "022853", "fund_code": "022853", "reason": "按基金代码识别", "score": 1.0, "matched_name": "中航优选领航混合发起C"}
{"time": "2026-09-04 14:41:28", "event": "resolve_code", "query": "002938", "fund_code": "002938", "reason": "按基金代码识别", "score": 1.0, "matched_name": "中银证券健康产业混合"}
{"time": "2026-09-04 14:41:28", "event": "resolve_code", "query": "020143", "fund_code": "020143", "reason": "按基金代码识别", "score": 1.0, "matched_name": "路博迈中国医疗健康股票发起C"}
{"time": "2026-09-04 14:41:28", "event": "resolve_code", "query": "004041", "fund_code": "004041", "reason": "按基金代码识别", "score": 1.0, "matched_name": "金鹰医疗健康产业C"}
{"time": "2026-09-04 14:41:28", "event": "resolve_code", "query": "024819", "fund_code": "024819", "reason": "按基金代码识别", "score": 1.0, "matched_name": "中欧医药生物混合发起C"}
{"time": "2026-09-04 14:41:28", "event": "resolve_code", "query": "018009", "fund_code": "018009", "reason": "按基金代码识别", "score": 1.0, "matched_name": "长盛医疗量化股票C"}
{"time": "2026-09-04 14:41:28", "event": "resolve_code", "query": "019741", "fund_code": "019741", "reason": "按基金代码识别", "score": 1.0, "matched_name": "财通资管创新医药混合C"}
{"time": "2026-09-04 14:41:28", "event": "resolve_code", "query": "013183", "fund_code": "013183", "reason": "按基金代码识别", "score": 1.0, "matched_name": "浦银医疗健康混合C"}
{"time": "2026-09-04 14:41:28", "event": "resolve_code", "query": "011326", "fund_code": "011326", "reason": "按基金代码识别", "score": 1.0, "matched_name": "国泰医药健康股票C"}
{"time": "2026-09-04 14:41:28", "event": "resolve_code", "query": "018485", "fund_code": "018485", "reason": "按基金代码识别", "score": 1.0, "matched_name": "财通资管医疗保健混合C"}
{"time": "2026-09-04 14:41:28", "event": "resolve_code", "query": "017133", "fund_code": "017133", "reason": "按基金代码识别", "score": 1.0, "matched_name": "中银新能源产业股票C"}
{"time": "2026-09-04 14:41:28", "event": "resolve_code", "query": "017042", "fund_code": "017042", "reason": "按基金代码识别", "score": 1.0, "matched_name": "富国碳中和混合C"}
{"time": "2026-09-04 14:41:28", "event": "resolve_code", "query": "167002", "fund_code": "167002", "reason": "按基金代码识别", "score": 1.0, "matched_name": "平安鼎越混合(LOF)A"}
{"time": "2026-09-04 14:41:28", "event": "resolve_code", "query": "025857", "fund_code": "025857", "reason": "按基金代码识别", "score": 1.0, "matched_name": "华夏中证电网设备主题ETF发起式联接C"}
{"time": "2026-09-04 14:41:28", "event": "resolve_code", "query": "026681", "fund_code": "026681", "reason": "按基金代码识别", "score": 1.0, "matched_name": "永赢产业机遇智选混合发起C"}
{"time": "2026-09-04 14:41:28", "event": "resolve_code", "query": "023675", "fund_code": "023675", "reason": "按基金代码识别", "score": 1.0, "matched_name": "德邦新兴产业混合发起式C"}
{"time": "2026-09-04 14:41:28", "event": "resolve_code", "query": "023639", "fund_code": "023639", "reason": "按基金代码识别", "score": 1.0, "matched_name": "国泰A股电网设备ETF联接C"}
{"time": "2026-09-04 14:41:28", "event": "resolve_code", "query": "020425", "fund_code": "020425", "reason": "按基金代码识别", "score": 1.0, "matched_name": "方正富邦致盛混合C"}
{"time": "2026-09-04 14:41:28", "event": "resolve_code", "query": "016387", "fund_code": "016387", "reason": "按基金代码识别", "score": 1.0, "matched_name": "永赢低碳环保智选混合发起C"}
{"time": "2026-09-04 14:41:28", "event": "resolve_code", "query": "002164", "fund_code": "002164", "reason": "按基金代码识别", "score": 1.0, "matched_name": "汇添富新睿精选混合C"}
{"time": "2026-09-04 14:41:28", "event": "resolve_code", "query": "019411", "fund_code": "019411", "reason": "按基金代码识别", "score": 1.0, "matched_name": "南方数字经济混合C"}
{"time": "2026-09-04 14:41:28", "event": "resolve_code", "query": "018751", "fund_code": "018751", "reason": "按基金代码识别", "score": 1.0, "matched_name": "山证资管精选行业混合发起式C"}
{"time": "2026-09-04 14:41:28", "event": "resolve_code", "query": "002207", "fund_code": "002207", "reason": "按基金代码识别", "score": 1.0, "matched_name": "前海开源金银珠宝混合C"}
{"time": "2026-09-04 14:41:28", "event": "resolve_code", "query": "021075", "fund_code": "021075", "reason": "按基金代码识别", "score": 1.0, "matched_name": "华夏中证沪深港黄金产业股票ETF发起式联接C"}
{"time": "2026-09-04 14:41:28", "event": "resolve_code", "query": "001467", "fund_code": "001467", "reason": "按基金代码识别", "score": 1.0, "matched_name": "华富永鑫灵活配置混合C"}
{"time": "2026-09-04 14:41:28", "event": "resolve_code", "query": "025446", "fund_code": "025446", "reason": "按基金代码识别", "score": 1.0, "matched_name": "万家周期视野股票发起式C"}
{"time": "2026-09-04 14:41:28", "event": "resolve_code", "query": "021959", "fund_code": "021959", "reason": "按基金代码识别", "score": 1.0, "matched_name": "南方黄金股C"}
{"time": "2026-09-04 14:41:28", "event": "resolve_code", "query": "021874", "fund_code": "021874", "reason": "按基金代码识别", "score": 1.0, "matched_name": "中欧黄金股指数C"}
{"time": "2026-09-04 14:41:28", "event": "resolve_code", "query": "009394", "fund_code": "009394", "reason": "按基金代码识别", "score": 1.0, "matched_name": "银华同力精选混合"}
{"time": "2026-09-04 14:41:28", "event": "resolve_code", "query": "161810", "fund_code": "161810", "reason": "按基金代码识别", "score": 1.0, "matched_name": "银华内需精选混合(LOF)A"}
{"time": "2026-09-04 14:41:28", "event": "resolve_code", "query": "026834", "fund_code": "026834", "reason": "按基金代码识别", "score": 1.0, "matched_name": "诺安精选回报混合C"}
{"time": "2026-09-04 14:41:28", "event": "resolve_code", "query": "015790", "fund_code": "015790", "reason": "按基金代码识别", "score": 1.0, "matched_name": "永赢高端装备智选混合发起C"}
{"time": "2026-09-04 14:41:28", "event": "resolve_code", "query": "019144", "fund_code": "019144", "reason": "按基金代码识别", "score": 1.0, "matched_name": "东财景气驱动C"}
{"time": "2026-09-04 14:41:28", "event": "resolve_code", "query": "026385", "fund_code": "026385", "reason": "按基金代码识别", "score": 1.0, "matched_name": "中航甄选领航混合发起C"}
{"time": "2026-09-04 14:41:28", "event": "resolve_code", "query": "025647", "fund_code": "025647", "reason": "按基金代码识别", "score": 1.0, "matched_name": "平安高端装备混合发起式C"}
{"time": "2026-09-04 14:41:28", "event": "resolve_code", "query": "016848", "fund_code": "016848", "reason": "按基金代码识别", "score": 1.0, "matched_name": "中欧高端装备股票发起C"}
{"time": "2026-09-04 14:41:28", "event": "resolve_code", "query": "007046", "fund_code": "007046", "reason": "按基金代码识别", "score": 1.0, "matched_name": "方正富邦创新动力混合C"}
{"time": "2026-09-04 14:41:28", "event": "resolve_code", "query": "015839", "fund_code": "015839", "reason": "按基金代码识别", "score": 1.0, "matched_name": "广发招利混合C"}
{"time": "2026-09-04 14:41:28", "event": "resolve_code", "query": "018363", "fund_code": "018363", "reason": "按基金代码识别", "score": 1.0, "matched_name": "东方阿尔法瑞丰混合发起C"}
{"time": "2026-09-04 14:41:28", "event": "resolve_code", "query": "027467", "fund_code": "027467", "reason": "按基金代码识别", "score": 1.0, "matched_name": "华宝绿色领先股票C"}
{"time": "2026-09-04 14:41:28", "event": "resolve_code", "query": "290014", "fund_code": "290014", "reason": "按基金代码识别", "score": 1.0, "matched_name": "泰信现代服务业混合"}
{"time": "2026-09-04 14:41:29", "event": "resolve_code", "query": "290008", "fund_code": "290008", "reason": "按基金代码识别", "score": 1.0, "matched_name": "泰信发展主题混合"}
{"time": "2026-09-04 14:41:29", "event": "resolve_code", "query": "012710", "fund_code": "012710", "reason": "按基金代码识别", "score": 1.0, "matched_name": "华夏核心成长混合C"}
{"time": "2026-09-04 14:41:29", "event": "resolve_code", "query": "019235", "fund_code": "019235", "reason": "按基金代码识别", "score": 1.0, "matched_name": "华富策略精选混合C"}
{"time": "2026-09-04 14:41:29", "event": "resolve_code", "query": "025778", "fund_code": "025778", "reason": "按基金代码识别", "score": 1.0, "matched_name": "东方阿尔法瑞享混合发起C"}
{"time": "2026-09-04 14:41:29", "event": "resolve_code", "query": "022447", "fund_code": "022447", "reason": "按基金代码识别", "score": 1.0, "matched_name": "前海开源周期精选混合C"}
{"time": "2026-09-04 14:41:29", "event": "resolve_code", "query": "020705", "fund_code": "020705", "reason": "按基金代码识别", "score": 1.0, "matched_name": "南方中证通信服务ETF发起联接C"}
{"time": "2026-09-04 14:41:29", "event": "resolve_code", "query": "007818", "fund_code": "007818", "reason": "按基金代码识别", "score": 1.0, "matched_name": "国泰中证全指通信设备ETF联接C"}
{"time": "2026-09-04 14:41:29", "event": "resolve_code", "query": "020900", "fund_code": "020900", "reason": "按基金代码识别", "score": 1.0, "matched_name": "天弘中证全指通信设备指数发起C"}
{"time": "2026-09-04 14:41:29", "event": "resolve_code", "query": "020692", "fund_code": "020692", "reason": "按基金代码识别", "score": 1.0, "matched_name": "博时中证全指通信设备指数发起式C"}
{"time": "2026-09-04 14:41:29", "event": "resolve_code", "query": "021989", "fund_code": "021989", "reason": "按基金代码识别", "score": 1.0, "matched_name": "银河中证通信设备主题指数发起式C"}
{"time": "2026-09-04 14:41:29", "event": "resolve_code", "query": "019072", "fund_code": "019072", "reason": "按基金代码识别", "score": 1.0, "matched_name": "嘉实国证通信ETF发起联接C"}
{"time": "2026-09-04 14:41:29", "event": "resolve_code", "query": "019237", "fund_code": "019237", "reason": "按基金代码识别", "score": 1.0, "matched_name": "广发国证通信ETF发起式联接C"}
{"time": "2026-09-04 14:41:29", "event": "resolve_code", "query": "021934", "fund_code": "021934", "reason": "按基金代码识别", "score": 1.0, "matched_name": "富国中证通信设备主题ETF发起式联接C"}
{"time": "2026-09-04 14:41:29", "event": "resolve_code", "query": "018998", "fund_code": "018998", "reason": "按基金代码识别", "score": 1.0, "matched_name": "景顺长城研究精选股票C"}
{"time": "2026-09-04 14:41:29", "event": "resolve_code", "query": "020662", "fund_code": "020662", "reason": "按基金代码识别", "score": 1.0, "matched_name": "中加科技创新混合发起式C"}
{"time": "2026-09-04 14:41:29", "event": "resolve_code", "query": "014784", "fund_code": "014784", "reason": "按基金代码识别", "score": 1.0, "matched_name": "招商远见成长混合C"}
{"time": "2026-09-04 14:41:29", "event": "resolve_code", "query": "001407", "fund_code": "001407", "reason": "按基金代码识别", "score": 1.0, "matched_name": "景顺长城稳健回报混合C"}
{"time": "2026-09-04 14:41:29", "event": "resolve_code", "query": "008087", "fund_code": "008087", "reason": "按基金代码识别", "score": 1.0, "matched_name": "华夏中证5G通信主题ETF联接C"}
{"time": "2026-09-04 14:41:29", "event": "resolve_code", "query": "010524", "fund_code": "010524", "reason": "按基金代码识别", "score": 1.0, "matched_name": "银华中证5G通信主题ETF联接C"}
{"time": "2026-09-04 14:41:29", "event": "resolve_code", "query": "012224", "fund_code": "012224", "reason": "按基金代码识别", "score": 1.0, "matched_name": "信澳成长精选混合C"}
{"time": "2026-09-04 14:41:29", "event": "resolve_code", "query": "013384", "fund_code": "013384", "reason": "按基金代码识别", "score": 1.0, "matched_name": "恒生前海高端制造混合C"}
{"time": "2026-09-04 14:41:29", "event": "resolve_code", "query": "024477", "fund_code": "024477", "reason": "按基金代码识别", "score": 1.0, "matched_name": "南华科技创新混合发起C"}
{"time": "2026-09-04 14:41:29", "event": "resolve_code", "query": "009489", "fund_code": "009489", "reason": "按基金代码识别", "score": 1.0, "matched_name": "中邮价值精选混合C"}
{"time": "2026-09-04 14:41:29", "event": "resolve_code", "query": "026539", "fund_code": "026539", "reason": "按基金代码识别", "score": 1.0, "matched_name": "融通科技臻选混合发起式C"}
{"time": "2026-09-04 14:41:29", "event": "resolve_code", "query": "019830", "fund_code": "019830", "reason": "按基金代码识别", "score": 1.0, "matched_name": "华夏数字产业混合C"}
{"time": "2026-09-04 14:41:29", "event": "resolve_code", "query": "008327", "fund_code": "008327", "reason": "按基金代码识别", "score": 1.0, "matched_name": "东财通信C"}
{"time": "2026-09-04 14:41:29", "event": "resolve_code", "query": "002418", "fund_code": "002418", "reason": "按基金代码识别", "score": 1.0, "matched_name": "汇添富优选回报混合C"}
{"time": "2026-09-04 14:41:29", "event": "resolve_code", "query": "023095", "fund_code": "023095", "reason": "按基金代码识别", "score": 1.0, "matched_name": "中邮新思路灵活配置混合C"}
{"time": "2026-09-04 14:41:29", "event": "resolve_code", "query": "001608", "fund_code": "001608", "reason": "按基金代码识别", "score": 1.0, "matched_name": "英大策略优选C"}
{"time": "2026-09-04 14:41:29", "event": "resolve_code", "query": "026290", "fund_code": "026290", "reason": "按基金代码识别", "score": 1.0, "matched_name": "红土创新科技创新股票(LOF)C"}
{"time": "2026-09-04 14:41:29", "event": "resolve_code", "query": "023452", "fund_code": "023452", "reason": "按基金代码识别", "score": 1.0, "matched_name": "中欧信息科技混合发起C"}
{"time": "2026-09-04 14:41:29", "event": "resolve_code", "query": "025415", "fund_code": "025415", "reason": "按基金代码识别", "score": 1.0, "matched_name": "新华策略精选股票C"}
{"time": "2026-09-04 14:41:29", "event": "resolve_code", "query": "025759", "fund_code": "025759", "reason": "按基金代码识别", "score": 1.0, "matched_name": "华安新兴动力混合发起式C"}
{"time": "2026-09-04 14:41:29", "event": "resolve_code", "query": "519158", "fund_code": "519158", "reason": "按基金代码识别", "score": 1.0, "matched_name": "新华趋势领航混合"}
{"time": "2026-09-04 14:41:29", "event": "resolve_code", "query": "020699", "fund_code": "020699", "reason": "按基金代码识别", "score": 1.0, "matched_name": "国泰海通科创板量化选股股票发起C"}
{"time": "2026-09-04 14:41:29", "event": "resolve_code", "query": "019386", "fund_code": "019386", "reason": "按基金代码识别", "score": 1.0, "matched_name": "东财科创50C"}
{"time": "2026-09-04 14:41:29", "event": "resolve_code", "query": "011609", "fund_code": "011609", "reason": "按基金代码识别", "score": 1.0, "matched_name": "易方达上证科创50联接C"}
{"time": "2026-09-04 14:41:29", "event": "resolve_code", "query": "011611", "fund_code": "011611", "reason": "按基金代码识别", "score": 1.0, "matched_name": "华泰柏瑞上证科创板50成份ETF联接C"}
{"time": "2026-09-04 14:41:29", "event": "resolve_code", "query": "011608", "fund_code": "011608", "reason": "按基金代码识别", "score": 1.0, "matched_name": "易方达上证科创50联接A"}
{"time": "2026-09-04 14:41:29", "event": "resolve_code", "query": "013811", "fund_code": "013811", "reason": "按基金代码识别", "score": 1.0, "matched_name": "广发科创50ETF发起式联接C"}
{"time": "2026-09-04 14:41:29", "event": "resolve_code", "query": "018178", "fund_code": "018178", "reason": "按基金代码识别", "score": 1.0, "matched_name": "华夏科创50指数增强C"}
{"time": "2026-09-04 14:41:29", "event": "resolve_code", "query": "019768", "fund_code": "019768", "reason": "按基金代码识别", "score": 1.0, "matched_name": "景顺长城科创50指数增强C"}
{"time": "2026-09-04 14:41:29", "event": "resolve_code", "query": "021485", "fund_code": "021485", "reason": "按基金代码识别", "score": 1.0, "matched_name": "景顺长城上证科创板50成份ETF联接C"}
{"time": "2026-09-04 14:41:29", "event": "resolve_code", "query": "011615", "fund_code": "011615", "reason": "按基金代码识别", "score": 1.0, "matched_name": "工银科创50ETF联接C"}
{"time": "2026-09-04 14:41:29", "event": "resolve_code", "query": "024606", "fund_code": "024606", "reason": "按基金代码识别", "score": 1.0, "matched_name": "前海开源上证科创板50成份指数C"}
{"time": "2026-09-04 14:41:29", "event": "resolve_code", "query": "022729", "fund_code": "022729", "reason": "按基金代码识别", "score": 1.0, "matched_name": "中银上证科创板50ETF联接C"}
{"time": "2026-09-04 14:41:29", "event": "resolve_code", "query": "011613", "fund_code": "011613", "reason": "按基金代码识别", "score": 1.0, "matched_name": "华夏科创50ETF联接C"}
{"time": "2026-09-04 14:41:29", "event": "resolve_code", "query": "025028", "fund_code": "025028", "reason": "按基金代码识别", "score": 1.0, "matched_name": "东财科创50ETF联接C"}
{"time": "2026-09-04 14:41:29", "event": "resolve_code", "query": "025365", "fund_code": "025365", "reason": "按基金代码识别", "score": 1.0, "matched_name": "路博迈上证科创板综合价格指数增强C"}
{"time": "2026-09-04 14:41:29", "event": "resolve_code", "query": "023909", "fund_code": "023909", "reason": "按基金代码识别", "score": 1.0, "matched_name": "安信上证科创综指增强发起C"}
{"time": "2026-09-04 14:41:29", "event": "resolve_code", "query": "023680", "fund_code": "023680", "reason": "按基金代码识别", "score": 1.0, "matched_name": "格林上证科创板综合指数增强C"}
{"time": "2026-09-04 14:41:29", "event": "resolve_code", "query": "026164", "fund_code": "026164", "reason": "按基金代码识别", "score": 1.0, "matched_name": "英大上证科创板综合指数增强发起C"}
{"time": "2026-09-04 14:41:29", "event": "resolve_code", "query": "023999", "fund_code": "023999", "reason": "按基金代码识别", "score": 1.0, "matched_name": "易方达上证科创板综合增强C"}
{"time": "2026-09-04 14:41:29", "event": "resolve_code", "query": "024185", "fund_code": "024185", "reason": "按基金代码识别", "score": 1.0, "matched_name": "东财科创板综指C"}
{"time": "2026-09-04 14:41:29", "event": "resolve_code", "query": "020292", "fund_code": "020292", "reason": "按基金代码识别", "score": 1.0, "matched_name": "华夏科创100ETF联接C"}
{"time": "2026-09-04 14:41:29", "event": "resolve_code", "query": "019862", "fund_code": "019862", "reason": "按基金代码识别", "score": 1.0, "matched_name": "鹏华上证科创100ETF联接C"}
{"time": "2026-09-04 14:41:29", "event": "resolve_code", "query": "023896", "fund_code": "023896", "reason": "按基金代码识别", "score": 1.0, "matched_name": "天弘上证科创板综合指数增强C"}
{"time": "2026-09-04 14:41:29", "event": "resolve_code", "query": "021386", "fund_code": "021386", "reason": "按基金代码识别", "score": 1.0, "matched_name": "天弘上证科创板100指数增强发起C"}
{"time": "2026-09-04 14:41:29", "event": "resolve_code", "query": "019860", "fund_code": "019860", "reason": "按基金代码识别", "score": 1.0, "matched_name": "银华上证科创板100ETF联接C"}
{"time": "2026-09-04 14:41:29", "event": "resolve_code", "query": "026419", "fund_code": "026419", "reason": "按基金代码识别", "score": 1.0, "matched_name": "东财科创100指数C"}
{"time": "2026-09-04 14:41:29", "event": "resolve_code", "query": "010647", "fund_code": "010647", "reason": "按基金代码识别", "score": 1.0, "matched_name": "融通价值趋势混合C"}
{"time": "2026-09-04 14:41:29", "event": "resolve_code", "query": "020684", "fund_code": "020684", "reason": "按基金代码识别", "score": 1.0, "matched_name": "南方上证科创板100ETF联接C"}
{"time": "2026-09-04 14:41:29", "event": "resolve_code", "query": "026117", "fund_code": "026117", "reason": "按基金代码识别", "score": 1.0, "matched_name": "东财科创200A"}
{"time": "2026-09-04 14:41:29", "event": "resolve_code", "query": "023383", "fund_code": "023383", "reason": "按基金代码识别", "score": 1.0, "matched_name": "华泰柏瑞上证科创板200ETF发起式联接C"}
{"time": "2026-09-04 14:41:29", "event": "resolve_code", "query": "501078", "fund_code": "501078", "reason": "按基金代码识别", "score": 1.0, "matched_name": "广发科创主题灵活配置混合(LOF)"}
{"time": "2026-09-04 14:41:29", "event": "resolve_code", "query": "019786", "fund_code": "019786", "reason": "按基金代码识别", "score": 1.0, "matched_name": "广发上证科创板成长ETF发起式联接C"}
{"time": "2026-09-04 14:41:30", "event": "resolve_code", "query": "023421", "fund_code": "023421", "reason": "按基金代码识别", "score": 1.0, "matched_name": "永赢锐见先锋混合C"}
{"time": "2026-09-04 14:41:30", "event": "resolve_code", "query": "022718", "fund_code": "022718", "reason": "按基金代码识别", "score": 1.0, "matched_name": "永赢锐见进取混合C"}
{"time": "2026-09-04 14:41:30", "event": "resolve_code", "query": "011241", "fund_code": "011241", "reason": "按基金代码识别", "score": 1.0, "matched_name": "东吴双动力混合C"}
{"time": "2026-09-04 14:41:30", "event": "resolve_code", "query": "025209", "fund_code": "025209", "reason": "按基金代码识别", "score": 1.0, "matched_name": "永赢先锋半导体智选混合发起C"}
{"time": "2026-09-04 14:41:30", "event": "resolve_code", "query": "025500", "fund_code": "025500", "reason": "按基金代码识别", "score": 1.0, "matched_name": "东方阿尔法科技智选混合发起C"}
{"time": "2026-09-04 14:41:30", "event": "resolve_code", "query": "026079", "fund_code": "026079", "reason": "按基金代码识别", "score": 1.0, "matched_name": "中航卓越领航混合发起C"}
{"time": "2026-09-04 14:41:30", "event": "resolve_code", "query": "501096", "fund_code": "501096", "reason": "按基金代码识别", "score": 1.0, "matched_name": "国联安科创混合(LOF)"}
{"time": "2026-09-04 14:41:30", "event": "resolve_code", "query": "018816", "fund_code": "018816", "reason": "按基金代码识别", "score": 1.0, "matched_name": "方正富邦核心优势混合C"}
{"time": "2026-09-04 14:41:30", "event": "resolve_code", "query": "002112", "fund_code": "002112", "reason": "按基金代码识别", "score": 1.0, "matched_name": "德邦鑫星价值灵活配置混合C"}
{"time": "2026-09-04 14:41:30", "event": "resolve_code", "query": "012524", "fund_code": "012524", "reason": "按基金代码识别", "score": 1.0, "matched_name": "国联高质量成长混合C"}
{"time": "2026-09-04 14:41:30", "event": "resolve_code", "query": "022365", "fund_code": "022365", "reason": "按基金代码识别", "score": 1.0, "matched_name": "永赢科技智选混合发起C"}
{"time": "2026-09-04 14:41:30", "event": "resolve_code", "query": "020661", "fund_code": "020661", "reason": "按基金代码识别", "score": 1.0, "matched_name": "中加科技创新混合发起式A"}
{"time": "2026-09-04 14:41:30", "event": "resolve_code", "query": "017462", "fund_code": "017462", "reason": "按基金代码识别", "score": 1.0, "matched_name": "长城久祥混合C"}
{"time": "2026-09-04 14:41:30", "event": "resolve_code", "query": "017103", "fund_code": "017103", "reason": "按基金代码识别", "score": 1.0, "matched_name": "大摩数字经济混合C"}
{"time": "2026-09-04 14:41:30", "event": "resolve_code", "query": "016371", "fund_code": "016371", "reason": "按基金代码识别", "score": 1.0, "matched_name": "信澳业绩驱动混合C"}
{"time": "2026-09-04 14:41:30", "event": "resolve_code", "query": "540010", "fund_code": "540010", "reason": "按基金代码识别", "score": 1.0, "matched_name": "汇丰晋信科技先锋股票"}
{"time": "2026-09-04 14:41:30", "event": "resolve_code", "query": "018957", "fund_code": "018957", "reason": "按基金代码识别", "score": 1.0, "matched_name": "中航机遇领航混合发起C"}
{"time": "2026-09-04 14:41:30", "event": "resolve_code", "query": "026137", "fund_code": "026137", "reason": "按基金代码识别", "score": 1.0, "matched_name": "山证资管策略精选混合C"}
{"time": "2026-09-04 14:41:30", "event": "resolve_code", "query": "024434", "fund_code": "024434", "reason": "按基金代码识别", "score": 1.0, "matched_name": "嘉实成长共赢混合C"}
{"time": "2026-09-04 14:41:30", "event": "resolve_code", "query": "011120", "fund_code": "011120", "reason": "按基金代码识别", "score": 1.0, "matched_name": "富国创新科技混合C"}
{"time": "2026-09-04 14:41:30", "event": "resolve_code", "query": "016173", "fund_code": "016173", "reason": "按基金代码识别", "score": 1.0, "matched_name": "汇添富优势企业精选混合C"}
{"time": "2026-09-04 14:41:30", "event": "resolve_code", "query": "018291", "fund_code": "018291", "reason": "按基金代码识别", "score": 1.0, "matched_name": "广发新兴成长混合C"}
{"time": "2026-09-04 14:41:30", "event": "resolve_code", "query": "026476", "fund_code": "026476", "reason": "按基金代码识别", "score": 1.0, "matched_name": "西部利得创新驱动鑫选混合发起C"}
{"time": "2026-09-04 14:41:30", "event": "resolve_code", "query": "023286", "fund_code": "023286", "reason": "按基金代码识别", "score": 1.0, "matched_name": "前海开源人工智能主题混合C"}
{"time": "2026-09-04 14:41:30", "event": "resolve_code", "query": "025348", "fund_code": "025348", "reason": "按基金代码识别", "score": 1.0, "matched_name": "华商优势行业混合C"}
{"time": "2026-09-04 14:41:30", "event": "resolve_code", "query": "006080", "fund_code": "006080", "reason": "按基金代码识别", "score": 1.0, "matched_name": "海富通电子传媒股票C"}
{"time": "2026-09-04 14:41:30", "event": "resolve_code", "query": "025881", "fund_code": "025881", "reason": "按基金代码识别", "score": 1.0, "matched_name": "汇添富科技领先混合C"}
{"time": "2026-09-04 14:41:30", "event": "resolve_code", "query": "011412", "fund_code": "011412", "reason": "按基金代码识别", "score": 1.0, "matched_name": "易方达远见成长混合C"}
{"time": "2026-09-04 14:41:30", "event": "resolve_code", "query": "026211", "fund_code": "026211", "reason": "按基金代码识别", "score": 1.0, "matched_name": "平安科技精选混合发起式C"}
{"time": "2026-09-04 14:41:30", "event": "resolve_code", "query": "012497", "fund_code": "012497", "reason": "按基金代码识别", "score": 1.0, "matched_name": "同泰行业优选股票C"}
{"time": "2026-09-04 14:41:30", "event": "resolve_code", "query": "011892", "fund_code": "011892", "reason": "按基金代码识别", "score": 1.0, "matched_name": "易方达先锋成长混合C"}
{"time": "2026-09-04 14:41:30", "event": "resolve_code", "query": "001438", "fund_code": "001438", "reason": "按基金代码识别", "score": 1.0, "matched_name": "易方达瑞享混合E"}
{"time": "2026-09-04 14:41:30", "event": "resolve_code", "query": "024473", "fund_code": "024473", "reason": "按基金代码识别", "score": 1.0, "matched_name": "信澳优势行业混合A"}
{"time": "2026-09-04 14:41:30", "event": "resolve_code", "query": "024460", "fund_code": "024460", "reason": "按基金代码识别", "score": 1.0, "matched_name": "华商致远回报混合C"}
{"time": "2026-09-04 14:41:30", "event": "resolve_code", "query": "006888", "fund_code": "006888", "reason": "按基金代码识别", "score": 1.0, "matched_name": "诺德新生活混合C"}
{"time": "2026-09-04 14:41:30", "event": "resolve_code", "query": "008984", "fund_code": "008984", "reason": "按基金代码识别", "score": 1.0, "matched_name": "财通科技创新混合C"}
{"time": "2026-09-04 14:41:30", "event": "resolve_code", "query": "013722", "fund_code": "013722", "reason": "按基金代码识别", "score": 1.0, "matched_name": "信澳景气优选混合C"}
{"time": "2026-09-04 14:41:30", "event": "resolve_code", "query": "501205", "fund_code": "501205", "reason": "按基金代码识别", "score": 1.0, "matched_name": "鹏华创新未来混合(LOF)C"}
{"time": "2026-09-04 14:41:30", "event": "resolve_code", "query": "018288", "fund_code": "018288", "reason": "按基金代码识别", "score": 1.0, "matched_name": "信澳优势产业混合C"}
{"time": "2026-09-04 14:41:30", "event": "resolve_code", "query": "015772", "fund_code": "015772", "reason": "按基金代码识别", "score": 1.0, "matched_name": "银华互联网主题灵活配置混合C"}
{"time": "2026-09-04 14:41:30", "event": "resolve_code", "query": "018211", "fund_code": "018211", "reason": "按基金代码识别", "score": 1.0, "matched_name": "红土创新景气回报混合C"}
{"time": "2026-09-04 14:41:30", "event": "resolve_code", "query": "025660", "fund_code": "025660", "reason": "按基金代码识别", "score": 1.0, "matched_name": "招商中国机遇股票C"}
{"time": "2026-09-04 14:41:30", "event": "resolve_code", "query": "501201", "fund_code": "501201", "reason": "按基金代码识别", "score": 1.0, "matched_name": "红土创新科技创新股票(LOF)A"}
{"time": "2026-09-04 14:41:30", "event": "resolve_code", "query": "001956", "fund_code": "001956", "reason": "按基金代码识别", "score": 1.0, "matched_name": "国联安科技动力"}
{"time": "2026-09-04 14:41:30", "event": "resolve_code", "query": "010238", "fund_code": "010238", "reason": "按基金代码识别", "score": 1.0, "matched_name": "安信创新先锋混合发起C"}
{"time": "2026-09-04 14:41:30", "event": "resolve_code", "query": "013470", "fund_code": "013470", "reason": "按基金代码识别", "score": 1.0, "matched_name": "泰信低碳经济混合发起式C"}
{"time": "2026-09-04 14:41:30", "event": "resolve_code", "query": "006503", "fund_code": "006503", "reason": "按基金代码识别", "score": 1.0, "matched_name": "财通集成电路产业股票C"}
{"time": "2026-09-04 14:41:30", "event": "resolve_code", "query": "011370", "fund_code": "011370", "reason": "按基金代码识别", "score": 1.0, "matched_name": "华商均衡成长混合C"}
{"time": "2026-09-04 14:41:30", "event": "resolve_code", "query": "016234", "fund_code": "016234", "reason": "按基金代码识别", "score": 1.0, "matched_name": "财通景气行业混合C"}
{"time": "2026-09-04 14:41:30", "event": "resolve_code", "query": "010034", "fund_code": "010034", "reason": "按基金代码识别", "score": 1.0, "matched_name": "安信成长精选混合C"}
{"time": "2026-09-04 14:41:30", "event": "resolve_code", "query": "005959", "fund_code": "005959", "reason": "按基金代码识别", "score": 1.0, "matched_name": "财通新视野灵活配置混合C"}
{"time": "2026-09-04 14:41:30", "event": "resolve_code", "query": "002771", "fund_code": "002771", "reason": "按基金代码识别", "score": 1.0, "matched_name": "安信新回报混合C"}
{"time": "2026-09-04 14:41:30", "event": "resolve_code", "query": "011452", "fund_code": "011452", "reason": "按基金代码识别", "score": 1.0, "matched_name": "华泰柏瑞质量成长C"}
{"time": "2026-09-04 14:41:30", "event": "resolve_code", "query": "026155", "fund_code": "026155", "reason": "按基金代码识别", "score": 1.0, "matched_name": "红土创新新科技股票C"}
{"time": "2026-09-04 14:41:30", "event": "resolve_code", "query": "021957", "fund_code": "021957", "reason": "按基金代码识别", "score": 1.0, "matched_name": "红土创新智能制造混合型发起式C"}
{"time": "2026-09-04 14:41:30", "event": "resolve_code", "query": "010416", "fund_code": "010416", "reason": "按基金代码识别", "score": 1.0, "matched_name": "华泰柏瑞质量精选混合C"}
{"time": "2026-09-04 14:41:30", "event": "resolve_code", "query": "017612", "fund_code": "017612", "reason": "按基金代码识别", "score": 1.0, "matched_name": "宏利复兴混合C"}
{"time": "2026-09-04 14:41:30", "event": "resolve_code", "query": "015576", "fund_code": "015576", "reason": "按基金代码识别", "score": 1.0, "matched_name": "宏利绩优混合C"}
{"time": "2026-09-04 14:41:30", "event": "resolve_code", "query": "004320", "fund_code": "004320", "reason": "按基金代码识别", "score": 1.0, "matched_name": "前海开源沪港深乐享生活"}
{"time": "2026-09-04 14:41:30", "event": "resolve_code", "query": "010623", "fund_code": "010623", "reason": "按基金代码识别", "score": 1.0, "matched_name": "恒越成长精选混合C"}
{"time": "2026-09-04 14:41:30", "event": "resolve_code", "query": "021528", "fund_code": "021528", "reason": "按基金代码识别", "score": 1.0, "matched_name": "财通成长优选混合C"}
{"time": "2026-09-04 14:41:30", "event": "resolve_code", "query": "014581", "fund_code": "014581", "reason": "按基金代码识别", "score": 1.0, "matched_name": "东吴阿尔法灵活配置混合C"}
{"time": "2026-09-04 14:41:30", "event": "resolve_code", "query": "024593", "fund_code": "024593", "reason": "按基金代码识别", "score": 1.0, "matched_name": "圆信永丰科技驱动混合发起C"}
{"time": "2026-09-04 14:41:31", "event": "resolve_code", "query": "009883", "fund_code": "009883", "reason": "按基金代码识别", "score": 1.0, "matched_name": "华润元大核心动力混合C"}
{"time": "2026-09-04 14:41:31", "event": "resolve_code", "query": "021523", "fund_code": "021523", "reason": "按基金代码识别", "score": 1.0, "matched_name": "财通价值动量混合C"}
{"time": "2026-09-04 14:41:31", "event": "resolve_code", "query": "024481", "fund_code": "024481", "reason": "按基金代码识别", "score": 1.0, "matched_name": "财通品质甄选混合C"}
{"time": "2026-09-04 14:41:31", "event": "resolve_code", "query": "001701", "fund_code": "001701", "reason": "按基金代码识别", "score": 1.0, "matched_name": "国联产业升级混合"}
{"time": "2026-09-04 14:41:31", "event": "resolve_code", "query": "005359", "fund_code": "005359", "reason": "按基金代码识别", "score": 1.0, "matched_name": "东方阿尔法精选混合C"}
{"time": "2026-09-04 14:41:31", "event": "resolve_code", "query": "020065", "fund_code": "020065", "reason": "按基金代码识别", "score": 1.0, "matched_name": "西部利得科技创新混合C"}
{"time": "2026-09-04 14:41:31", "event": "resolve_code", "query": "010491", "fund_code": "010491", "reason": "按基金代码识别", "score": 1.0, "matched_name": "鹏华高质量增长混合C"}
{"time": "2026-09-04 14:41:31", "event": "resolve_code", "query": "017511", "fund_code": "017511", "reason": "按基金代码识别", "score": 1.0, "matched_name": "鹏华稳健回报混合C"}
{"time": "2026-09-04 14:41:31", "event": "resolve_code", "query": "001537", "fund_code": "001537", "reason": "按基金代码识别", "score": 1.0, "matched_name": "中加改革红利混合"}
{"time": "2026-09-04 14:41:31", "event": "resolve_code", "query": "003153", "fund_code": "003153", "reason": "按基金代码识别", "score": 1.0, "matched_name": "华富天鑫灵活配置混合C"}
{"time": "2026-09-04 14:41:31", "event": "resolve_code", "query": "024203", "fund_code": "024203", "reason": "按基金代码识别", "score": 1.0, "matched_name": "永赢制造升级智选混合发起C"}
{"time": "2026-09-04 14:41:31", "event": "resolve_code", "query": "021095", "fund_code": "021095", "reason": "按基金代码识别", "score": 1.0, "matched_name": "东方低碳经济混合C"}
{"time": "2026-09-04 14:41:31", "event": "resolve_code", "query": "026563", "fund_code": "026563", "reason": "按基金代码识别", "score": 1.0, "matched_name": "国泰海通制造升级睿选混合发起C"}
{"time": "2026-09-04 14:41:31", "event": "resolve_code", "query": "022891", "fund_code": "022891", "reason": "按基金代码识别", "score": 1.0, "matched_name": "国联物联网主题C"}
{"time": "2026-09-04 14:41:31", "event": "resolve_code", "query": "026623", "fund_code": "026623", "reason": "按基金代码识别", "score": 1.0, "matched_name": "招商上证科创板芯片设计主题ETF发起式联接C"}
{"time": "2026-09-04 14:41:31", "event": "resolve_code", "query": "008981", "fund_code": "008981", "reason": "按基金代码识别", "score": 1.0, "matched_name": "中邮科技创新精选混合C"}
{"time": "2026-09-04 14:41:31", "event": "resolve_code", "query": "027521", "fund_code": "027521", "reason": "按基金代码识别", "score": 1.0, "matched_name": "广发科创芯片设计ETF联接C"}
{"time": "2026-09-04 14:41:31", "event": "resolve_code", "query": "027537", "fund_code": "027537", "reason": "按基金代码识别", "score": 1.0, "matched_name": "长城上证科创板芯片设计指数发起C"}
{"time": "2026-09-04 14:41:31", "event": "resolve_code", "query": "021608", "fund_code": "021608", "reason": "按基金代码识别", "score": 1.0, "matched_name": "南方上证科创板芯片ETF发起联接C"}
{"time": "2026-09-04 14:41:31", "event": "resolve_code", "query": "008888", "fund_code": "008888", "reason": "按基金代码识别", "score": 1.0, "matched_name": "华夏国证半导体芯片ETF联接C"}
{"time": "2026-09-04 14:41:31", "event": "resolve_code", "query": "012630", "fund_code": "012630", "reason": "按基金代码识别", "score": 1.0, "matched_name": "广发国证半导体芯片ETF联接C"}
{"time": "2026-09-04 14:41:31", "event": "resolve_code", "query": "021492", "fund_code": "021492", "reason": "按基金代码识别", "score": 1.0, "matched_name": "中航远见领航混合发起C"}
{"time": "2026-09-04 14:41:31", "event": "resolve_code", "query": "021627", "fund_code": "021627", "reason": "按基金代码识别", "score": 1.0, "matched_name": "华富半导体产业混合发起式C"}
{"time": "2026-09-04 14:41:31", "event": "resolve_code", "query": "014419", "fund_code": "014419", "reason": "按基金代码识别", "score": 1.0, "matched_name": "西部利得CES芯片指数增强C"}
{"time": "2026-09-04 14:41:31", "event": "resolve_code", "query": "020554", "fund_code": "020554", "reason": "按基金代码识别", "score": 1.0, "matched_name": "南方半导体产业股票发起C"}
{"time": "2026-09-04 14:41:31", "event": "resolve_code", "query": "020671", "fund_code": "020671", "reason": "按基金代码识别", "score": 1.0, "matched_name": "易方达科创芯片ETF联接C"}
{"time": "2026-09-04 14:41:31", "event": "resolve_code", "query": "020629", "fund_code": "020629", "reason": "按基金代码识别", "score": 1.0, "matched_name": "汇添富科创芯片ETF联接C"}
{"time": "2026-09-04 14:41:31", "event": "resolve_code", "query": "013340", "fund_code": "013340", "reason": "按基金代码识别", "score": 1.0, "matched_name": "创金合信芯片产业股票发起C"}
{"time": "2026-09-04 14:41:31", "event": "resolve_code", "query": "020227", "fund_code": "020227", "reason": "按基金代码识别", "score": 1.0, "matched_name": "国泰中证全指集成电路ETF发起联接C"}
{"time": "2026-09-04 14:41:31", "event": "resolve_code", "query": "014194", "fund_code": "014194", "reason": "按基金代码识别", "score": 1.0, "matched_name": "汇添富中证芯片产业指数增强发起式C"}
{"time": "2026-09-04 14:41:31", "event": "resolve_code", "query": "026213", "fund_code": "026213", "reason": "按基金代码识别", "score": 1.0, "matched_name": "工银科技智选混合C"}
{"time": "2026-09-04 14:41:31", "event": "resolve_code", "query": "001678", "fund_code": "001678", "reason": "按基金代码识别", "score": 1.0, "matched_name": "英大国企改革A"}
{"time": "2026-09-04 14:41:31", "event": "resolve_code", "query": "022868", "fund_code": "022868", "reason": "按基金代码识别", "score": 1.0, "matched_name": "英大国企改革C"}
{"time": "2026-09-04 14:41:31", "event": "resolve_code", "query": "007301", "fund_code": "007301", "reason": "按基金代码识别", "score": 1.0, "matched_name": "国联安中证半导体ETF联接C"}
{"time": "2026-09-04 14:41:31", "event": "resolve_code", "query": "020483", "fund_code": "020483", "reason": "按基金代码识别", "score": 1.0, "matched_name": "中欧中证芯片产业指数发起C"}
{"time": "2026-09-04 14:41:31", "event": "resolve_code", "query": "014143", "fund_code": "014143", "reason": "按基金代码识别", "score": 1.0, "matched_name": "银河创新成长混合C"}
{"time": "2026-09-04 14:41:31", "event": "resolve_code", "query": "012651", "fund_code": "012651", "reason": "按基金代码识别", "score": 1.0, "matched_name": "博时半导体主题混合C"}
{"time": "2026-09-04 14:41:31", "event": "resolve_code", "query": "020465", "fund_code": "020465", "reason": "按基金代码识别", "score": 1.0, "matched_name": "招商中证半导体产业ETF发起式联接C"}
{"time": "2026-09-04 14:41:31", "event": "resolve_code", "query": "003235", "fund_code": "003235", "reason": "按基金代码识别", "score": 1.0, "matched_name": "中信保诚至利混合C"}
{"time": "2026-09-04 14:41:31", "event": "resolve_code", "query": "016501", "fund_code": "016501", "reason": "按基金代码识别", "score": 1.0, "matched_name": "华夏半导体龙头混合发起C"}
{"time": "2026-09-04 14:41:31", "event": "resolve_code", "query": "014549", "fund_code": "014549", "reason": "按基金代码识别", "score": 1.0, "matched_name": "交银数据产业灵活配置混合C"}
{"time": "2026-09-04 14:41:31", "event": "resolve_code", "query": "016052", "fund_code": "016052", "reason": "按基金代码识别", "score": 1.0, "matched_name": "华商改革创新股票C"}
{"time": "2026-09-04 14:41:31", "event": "resolve_code", "query": "001479", "fund_code": "001479", "reason": "按基金代码识别", "score": 1.0, "matched_name": "中邮风格轮动灵活配置混合"}
{"time": "2026-09-04 14:41:31", "event": "resolve_code", "query": "015159", "fund_code": "015159", "reason": "按基金代码识别", "score": 1.0, "matched_name": "申万菱信智能驱动股票C"}
{"time": "2026-09-04 14:41:31", "event": "resolve_code", "query": "009708", "fund_code": "009708", "reason": "按基金代码识别", "score": 1.0, "matched_name": "工银新兴制造混合C"}
{"time": "2026-09-04 14:41:31", "event": "resolve_code", "query": "015456", "fund_code": "015456", "reason": "按基金代码识别", "score": 1.0, "matched_name": "信澳领先增长混合C"}
{"time": "2026-09-04 14:41:31", "event": "resolve_code", "query": "026733", "fund_code": "026733", "reason": "按基金代码识别", "score": 1.0, "matched_name": "广发成长甄选混合C"}
{"time": "2026-09-04 14:41:31", "event": "resolve_code", "query": "002163", "fund_code": "002163", "reason": "按基金代码识别", "score": 1.0, "matched_name": "东方惠新灵活配置混合C"}
{"time": "2026-09-04 14:41:31", "event": "resolve_code", "query": "005777", "fund_code": "005777", "reason": "按基金代码识别", "score": 1.0, "matched_name": "广发科技动力股票"}
{"time": "2026-09-04 14:41:31", "event": "resolve_code", "query": "015968", "fund_code": "015968", "reason": "按基金代码识别", "score": 1.0, "matched_name": "永赢半导体产业智选混合发起C"}
{"time": "2026-09-04 14:41:31", "event": "resolve_code", "query": "013312", "fund_code": "013312", "reason": "按基金代码识别", "score": 1.0, "matched_name": "工银主题策略混合C"}
{"time": "2026-09-04 14:41:31", "event": "resolve_code", "query": "020470", "fund_code": "020470", "reason": "按基金代码识别", "score": 1.0, "matched_name": "长城半导体混合发起式C"}
{"time": "2026-09-04 14:41:31", "event": "resolve_code", "query": "019925", "fund_code": "019925", "reason": "按基金代码识别", "score": 1.0, "matched_name": "华宝竞争优势混合C"}
{"time": "2026-09-04 14:41:31", "event": "resolve_code", "query": "014497", "fund_code": "014497", "reason": "按基金代码识别", "score": 1.0, "matched_name": "诺安研究优选混合C"}
{"time": "2026-09-04 14:41:31", "event": "resolve_code", "query": "002051", "fund_code": "002051", "reason": "按基金代码识别", "score": 1.0, "matched_name": "诺安创新驱动混合C"}
{"time": "2026-09-04 14:41:31", "event": "resolve_code", "query": "019114", "fund_code": "019114", "reason": "按基金代码识别", "score": 1.0, "matched_name": "东财慧心优选C"}
{"time": "2026-09-04 14:41:31", "event": "resolve_code", "query": "020436", "fund_code": "020436", "reason": "按基金代码识别", "score": 1.0, "matched_name": "金信稳健策略混合C"}
{"time": "2026-09-04 14:41:31", "event": "resolve_code", "query": "020451", "fund_code": "020451", "reason": "按基金代码识别", "score": 1.0, "matched_name": "金信行业优选混合发起式C"}
{"time": "2026-09-04 14:41:31", "event": "resolve_code", "query": "024169", "fund_code": "024169", "reason": "按基金代码识别", "score": 1.0, "matched_name": "信澳先进智造股票型C"}
{"time": "2026-09-04 14:41:31", "event": "resolve_code", "query": "014855", "fund_code": "014855", "reason": "按基金代码识别", "score": 1.0, "matched_name": "嘉实中证半导体指数增强发起式C"}
{"time": "2026-09-04 14:41:31", "event": "resolve_code", "query": "026333", "fund_code": "026333", "reason": "按基金代码识别", "score": 1.0, "matched_name": "广发盛世精选混合C"}
{"time": "2026-09-04 14:41:31", "event": "resolve_code", "query": "017811", "fund_code": "017811", "reason": "按基金代码识别", "score": 1.0, "matched_name": "东方人工智能主题混合C"}
{"time": "2026-09-04 14:41:31", "event": "resolve_code", "query": "014300", "fund_code": "014300", "reason": "按基金代码识别", "score": 1.0, "matched_name": "宏利先进制造股票C"}
{"time": "2026-09-04 14:41:31", "event": "resolve_code", "query": "024424", "fund_code": "024424", "reason": "按基金代码识别", "score": 1.0, "matched_name": "东方阿尔法科技优选混合发起C"}
{"time": "2026-09-04 14:41:31", "event": "resolve_code", "query": "162214", "fund_code": "162214", "reason": "按基金代码识别", "score": 1.0, "matched_name": "宏利领先中小盘混合"}
{"time": "2026-09-04 14:41:31", "event": "resolve_code", "query": "027329", "fund_code": "027329", "reason": "按基金代码识别", "score": 1.0, "matched_name": "浦银半导体产业混合C"}
{"time": "2026-09-04 14:41:32", "event": "resolve_code", "query": "016721", "fund_code": "016721", "reason": "按基金代码识别", "score": 1.0, "matched_name": "前海开源高端装备制造混合C"}
{"time": "2026-09-04 14:41:32", "event": "resolve_code", "query": "020640", "fund_code": "020640", "reason": "按基金代码识别", "score": 1.0, "matched_name": "广发半导体设备ETF联接C"}
{"time": "2026-09-04 14:41:32", "event": "resolve_code", "query": "020357", "fund_code": "020357", "reason": "按基金代码识别", "score": 1.0, "matched_name": "华夏半导体材料设备ETF联接C"}
{"time": "2026-09-04 14:41:32", "event": "resolve_code", "query": "025687", "fund_code": "025687", "reason": "按基金代码识别", "score": 1.0, "matched_name": "国泰半导体制造精选混合发起C"}
{"time": "2026-09-04 14:41:32", "event": "resolve_code", "query": "021894", "fund_code": "021894", "reason": "按基金代码识别", "score": 1.0, "matched_name": "易方达半导体设备ETF联接C"}
{"time": "2026-09-04 14:41:32", "event": "resolve_code", "query": "019633", "fund_code": "019633", "reason": "按基金代码识别", "score": 1.0, "matched_name": "国泰半导体设备ETF联接C"}
{"time": "2026-09-04 14:41:32", "event": "resolve_code", "query": "023829", "fund_code": "023829", "reason": "按基金代码识别", "score": 1.0, "matched_name": "万家中证半导体材料设备主题ETF发起式联接C"}
{"time": "2026-09-04 14:41:32", "event": "resolve_code", "query": "021594", "fund_code": "021594", "reason": "按基金代码识别", "score": 1.0, "matched_name": "上银数字经济混合发起式C"}
{"time": "2026-09-04 14:41:32", "event": "resolve_code", "query": "007639", "fund_code": "007639", "reason": "按基金代码识别", "score": 1.0, "matched_name": "汇添富竞争优势灵活配置混合"}
{"time": "2026-09-04 14:41:32", "event": "resolve_code", "query": "024418", "fund_code": "024418", "reason": "按基金代码识别", "score": 1.0, "matched_name": "华夏上证科创板半导体材料设备主题ETF发起式联接C"}
{"time": "2026-09-04 14:41:32", "event": "resolve_code", "query": "024975", "fund_code": "024975", "reason": "按基金代码识别", "score": 1.0, "matched_name": "华泰柏瑞上证科创板半导体材料设备主题ETF发起式联接C"}
{"time": "2026-09-04 14:41:32", "event": "resolve_code", "query": "015585", "fund_code": "015585", "reason": "按基金代码识别", "score": 1.0, "matched_name": "国泰优势行业混合C"}
{"time": "2026-09-04 14:41:32", "event": "resolve_code", "query": "007491", "fund_code": "007491", "reason": "按基金代码识别", "score": 1.0, "matched_name": "南方信息创新混合C"}
{"time": "2026-09-04 14:41:32", "event": "resolve_code", "query": "014989", "fund_code": "014989", "reason": "按基金代码识别", "score": 1.0, "matched_name": "国泰新经济灵活配置混合C"}
{"time": "2026-09-04 14:41:32", "event": "resolve_code", "query": "022335", "fund_code": "022335", "reason": "按基金代码识别", "score": 1.0, "matched_name": "广发产业甄选混合C"}
{"time": "2026-09-04 14:41:32", "event": "resolve_code", "query": "005629", "fund_code": "005629", "reason": "按基金代码识别", "score": 1.0, "matched_name": "汇安趋势动力股票C"}
{"time": "2026-09-04 14:41:32", "event": "resolve_code", "query": "019764", "fund_code": "019764", "reason": "按基金代码识别", "score": 1.0, "matched_name": "中欧半导体产业股票发起C"}
{"time": "2026-09-04 14:41:32", "event": "resolve_code", "query": "014953", "fund_code": "014953", "reason": "按基金代码识别", "score": 1.0, "matched_name": "信澳至诚精选混合C"}
{"time": "2026-09-04 14:41:32", "event": "resolve_code", "query": "019689", "fund_code": "019689", "reason": "按基金代码识别", "score": 1.0, "matched_name": "南方中国梦灵活配置混合C"}
{"time": "2026-09-04 14:41:32", "event": "resolve_code", "query": "026262", "fund_code": "026262", "reason": "按基金代码识别", "score": 1.0, "matched_name": "银华智享混合C"}
{"time": "2026-09-04 14:41:32", "event": "resolve_code", "query": "013841", "fund_code": "013841", "reason": "按基金代码识别", "score": 1.0, "matched_name": "银华集成电路混合C"}
{"time": "2026-09-04 14:41:32", "event": "resolve_code", "query": "016262", "fund_code": "016262", "reason": "按基金代码识别", "score": 1.0, "matched_name": "银华智荟内在价值灵活配置混合发起C"}
{"time": "2026-09-04 14:41:32", "event": "resolve_code", "query": "026633", "fund_code": "026633", "reason": "按基金代码识别", "score": 1.0, "matched_name": "平安半导体领航精选混合发起式C"}
{"time": "2026-09-04 14:41:32", "event": "resolve_code", "query": "021391", "fund_code": "021391", "reason": "按基金代码识别", "score": 1.0, "matched_name": "东兴成长优选混合发起C"}
{"time": "2026-09-04 14:41:32", "event": "resolve_code", "query": "014737", "fund_code": "014737", "reason": "按基金代码识别", "score": 1.0, "matched_name": "创金合信专精特新股票发起C"}
{"time": "2026-09-04 14:41:32", "event": "resolve_code", "query": "001470", "fund_code": "001470", "reason": "按基金代码识别", "score": 1.0, "matched_name": "融通通鑫灵活配置混合A"}
{"time": "2026-09-04 14:41:32", "event": "resolve_code", "query": "018345", "fund_code": "018345", "reason": "按基金代码识别", "score": 1.0, "matched_name": "华夏中证机器人ETF发起式联接C"}
{"time": "2026-09-04 14:41:32", "event": "resolve_code", "query": "020482", "fund_code": "020482", "reason": "按基金代码识别", "score": 1.0, "matched_name": "招商中证机器人ETF发起联接C"}
{"time": "2026-09-04 14:41:32", "event": "resolve_code", "query": "018241", "fund_code": "018241", "reason": "按基金代码识别", "score": 1.0, "matched_name": "嘉实制造升级股票发起式C"}
{"time": "2026-09-04 14:41:32", "event": "resolve_code", "query": "014409", "fund_code": "014409", "reason": "按基金代码识别", "score": 1.0, "matched_name": "创金合信兴选产业趋势混合C"}
{"time": "2026-09-04 14:41:32", "event": "resolve_code", "query": "007519", "fund_code": "007519", "reason": "按基金代码识别", "score": 1.0, "matched_name": "东方阿尔法优选混合C"}
{"time": "2026-09-04 14:41:32", "event": "resolve_code", "query": "001271", "fund_code": "001271", "reason": "按基金代码识别", "score": 1.0, "matched_name": "英大灵活配置混合型发起式B"}
{"time": "2026-09-04 14:41:32", "event": "resolve_code", "query": "026254", "fund_code": "026254", "reason": "按基金代码识别", "score": 1.0, "matched_name": "国泰产业升级混合发起C"}
{"time": "2026-09-04 14:41:32", "event": "resolve_code", "query": "014939", "fund_code": "014939", "reason": "按基金代码识别", "score": 1.0, "matched_name": "同泰产业升级混合C"}
{"time": "2026-09-04 14:41:32", "event": "resolve_code", "query": "016076", "fund_code": "016076", "reason": "按基金代码识别", "score": 1.0, "matched_name": "华夏智造升级混合C"}
{"time": "2026-09-04 14:41:32", "event": "resolve_code", "query": "014700", "fund_code": "014700", "reason": "按基金代码识别", "score": 1.0, "matched_name": "东方高端制造混合C"}
{"time": "2026-09-04 14:41:32", "event": "resolve_code", "query": "017994", "fund_code": "017994", "reason": "按基金代码识别", "score": 1.0, "matched_name": "方正富邦远见成长混合C"}
{"time": "2026-09-04 14:41:32", "event": "resolve_code", "query": "005165", "fund_code": "005165", "reason": "按基金代码识别", "score": 1.0, "matched_name": "富荣福锦混合C"}
{"time": "2026-09-04 14:41:32", "event": "resolve_code", "query": "000796", "fund_code": "000796", "reason": "按基金代码识别", "score": 1.0, "matched_name": "宝盈睿丰创新混合C"}
{"time": "2026-09-04 14:41:32", "event": "resolve_code", "query": "023567", "fund_code": "023567", "reason": "按基金代码识别", "score": 1.0, "matched_name": "德邦高端装备混合发起式C"}
{"time": "2026-09-04 14:41:32", "event": "resolve_code", "query": "008998", "fund_code": "008998", "reason": "按基金代码识别", "score": 1.0, "matched_name": "同泰竞争优势混合C"}
{"time": "2026-09-04 14:41:32", "event": "resolve_code", "query": "021490", "fund_code": "021490", "reason": "按基金代码识别", "score": 1.0, "matched_name": "中航趋势领航混合发起C"}
{"time": "2026-09-04 14:41:32", "event": "resolve_code", "query": "016531", "fund_code": "016531", "reason": "按基金代码识别", "score": 1.0, "matched_name": "鹏华碳中和主题混合C"}
{"time": "2026-09-04 14:41:32", "event": "resolve_code", "query": "025942", "fund_code": "025942", "reason": "按基金代码识别", "score": 1.0, "matched_name": "广发新动力混合C"}
{"time": "2026-09-04 14:41:32", "event": "resolve_code", "query": "001864", "fund_code": "001864", "reason": "按基金代码识别", "score": 1.0, "matched_name": "中海魅力长三角混合"}
{"time": "2026-09-04 14:41:32", "event": "resolve_code", "query": "018125", "fund_code": "018125", "reason": "按基金代码识别", "score": 1.0, "matched_name": "永赢先进制造智选混合发起C"}
{"time": "2026-09-04 14:41:32", "event": "resolve_code", "query": "008182", "fund_code": "008182", "reason": "按基金代码识别", "score": 1.0, "matched_name": "方正富邦信泓混合C"}
{"time": "2026-09-04 14:41:32", "event": "resolve_code", "query": "001770", "fund_code": "001770", "reason": "按基金代码识别", "score": 1.0, "matched_name": "前海开源嘉鑫混合C"}
{"time": "2026-09-04 14:41:32", "event": "resolve_code", "query": "024648", "fund_code": "024648", "reason": "按基金代码识别", "score": 1.0, "matched_name": "中欧制造升级混合发起C"}
{"time": "2026-09-04 14:41:32", "event": "resolve_code", "query": "020477", "fund_code": "020477", "reason": "按基金代码识别", "score": 1.0, "matched_name": "泰康半导体量化选股股票发起式C"}
{"time": "2026-09-04 14:41:32", "event": "resolve_code", "query": "026383", "fund_code": "026383", "reason": "按基金代码识别", "score": 1.0, "matched_name": "中航洞见领航混合C"}
{"time": "2026-09-04 14:41:32", "event": "resolve_code", "query": "026397", "fund_code": "026397", "reason": "按基金代码识别", "score": 1.0, "matched_name": "鹏扬科技先锋混合C"}
{"time": "2026-09-04 14:41:32", "event": "resolve_code", "query": "015528", "fund_code": "015528", "reason": "按基金代码识别", "score": 1.0, "matched_name": "弘毅远方汽车产业升级混合C"}
{"time": "2026-09-04 14:41:32", "event": "resolve_code", "query": "026994", "fund_code": "026994", "reason": "按基金代码识别", "score": 1.0, "matched_name": "东方阿尔法瑞利混合发起C"}
{"time": "2026-09-04 14:41:32", "event": "resolve_code", "query": "018123", "fund_code": "018123", "reason": "按基金代码识别", "score": 1.0, "matched_name": "永赢数字经济智选混合发起C"}
{"time": "2026-09-04 14:41:32", "event": "resolve_code", "query": "011909", "fund_code": "011909", "reason": "按基金代码识别", "score": 1.0, "matched_name": "广发沪港深价值精选混合C"}
{"time": "2026-09-04 14:41:32", "event": "resolve_code", "query": "019160", "fund_code": "019160", "reason": "按基金代码识别", "score": 1.0, "matched_name": "中欧产业领航混合C"}
{"time": "2026-09-04 14:41:32", "event": "resolve_code", "query": "006271", "fund_code": "006271", "reason": "按基金代码识别", "score": 1.0, "matched_name": "汇安核心成长混合C"}
{"time": "2026-09-04 14:41:32", "event": "resolve_code", "query": "015773", "fund_code": "015773", "reason": "按基金代码识别", "score": 1.0, "matched_name": "招商移动互联网产业股票基金C"}
{"time": "2026-09-04 14:41:32", "event": "resolve_code", "query": "019427", "fund_code": "019427", "reason": "按基金代码识别", "score": 1.0, "matched_name": "中银数字经济混合C"}
{"time": "2026-09-04 14:41:32", "event": "resolve_code", "query": "018289", "fund_code": "018289", "reason": "按基金代码识别", "score": 1.0, "matched_name": "广发趋势动力混合C"}
{"time": "2026-09-04 14:41:32", "event": "resolve_code", "query": "015060", "fund_code": "015060", "reason": "按基金代码识别", "score": 1.0, "matched_name": "华夏节能环保股票C"}
{"time": "2026-09-04 14:41:32", "event": "resolve_code", "query": "025793", "fund_code": "025793", "reason": "按基金代码识别", "score": 1.0, "matched_name": "东方阿尔法科技甄选混合发起C"}
{"time": "2026-09-04 14:41:32", "event": "resolve_code", "query": "001042", "fund_code": "001042", "reason": "按基金代码识别", "score": 1.0, "matched_name": "华夏领先股票"}
{"time": "2026-09-04 14:41:32", "event": "resolve_code", "query": "012383", "fund_code": "012383", "reason": "按基金代码识别", "score": 1.0, "matched_name": "宏利新兴景气龙头混合C"}
{"time": "2026-09-04 14:41:32", "event": "resolve_code", "query": "026328", "fund_code": "026328", "reason": "按基金代码识别", "score": 1.0, "matched_name": "广发乾元价值增长混合C"}
{"time": "2026-09-04 14:41:32", "event": "resolve_code", "query": "019412", "fund_code": "019412", "reason": "按基金代码识别", "score": 1.0, "matched_name": "长城新兴产业混合C"}
{"time": "2026-09-04 14:41:32", "event": "resolve_code", "query": "012183", "fund_code": "012183", "reason": "按基金代码识别", "score": 1.0, "matched_name": "广发沪港深精选混合C"}
{"time": "2026-09-04 14:41:33", "event": "resolve_code", "query": "026991", "fund_code": "026991", "reason": "按基金代码识别", "score": 1.0, "matched_name": "国泰产业智选混合发起C"}
{"time": "2026-09-04 14:41:33", "event": "resolve_code", "query": "019116", "fund_code": "019116", "reason": "按基金代码识别", "score": 1.0, "matched_name": "东财卓越成长C"}
{"time": "2026-09-04 14:41:33", "event": "resolve_code", "query": "015395", "fund_code": "015395", "reason": "按基金代码识别", "score": 1.0, "matched_name": "招商体育文化休闲股票C"}
{"time": "2026-09-04 14:41:33", "event": "resolve_code", "query": "025884", "fund_code": "025884", "reason": "按基金代码识别", "score": 1.0, "matched_name": "东方城镇消费主题混合C"}
{"time": "2026-09-04 14:41:33", "event": "resolve_code", "query": "015667", "fund_code": "015667", "reason": "按基金代码识别", "score": 1.0, "matched_name": "银河文体娱乐混合C"}
{"time": "2026-09-04 14:41:33", "event": "resolve_code", "query": "017736", "fund_code": "017736", "reason": "按基金代码识别", "score": 1.0, "matched_name": "融通明锐混合C"}
{"time": "2026-09-04 14:41:33", "event": "resolve_code", "query": "023255", "fund_code": "023255", "reason": "按基金代码识别", "score": 1.0, "matched_name": "汇添富中证全指软件ETF发起式联接C"}
{"time": "2026-09-04 14:41:33", "event": "resolve_code", "query": "012620", "fund_code": "012620", "reason": "按基金代码识别", "score": 1.0, "matched_name": "嘉实中证软件服务ETF联接C"}
{"time": "2026-09-04 14:41:33", "event": "resolve_code", "query": "019062", "fund_code": "019062", "reason": "按基金代码识别", "score": 1.0, "matched_name": "易方达软件ETF联接C"}
{"time": "2026-09-04 14:41:33", "event": "resolve_code", "query": "012847", "fund_code": "012847", "reason": "按基金代码识别", "score": 1.0, "matched_name": "诺安积极回报混合C"}
{"time": "2026-09-04 14:41:33", "event": "resolve_code", "query": "016074", "fund_code": "016074", "reason": "按基金代码识别", "score": 1.0, "matched_name": "创金合信软件产业股票发起C"}
{"time": "2026-09-04 14:41:33", "event": "resolve_code", "query": "024224", "fund_code": "024224", "reason": "按基金代码识别", "score": 1.0, "matched_name": "国新国证新锐C"}
{"time": "2026-09-04 14:41:33", "event": "resolve_code", "query": "020594", "fund_code": "020594", "reason": "按基金代码识别", "score": 1.0, "matched_name": "华夏软件龙头混合发起式C"}
{"time": "2026-09-04 14:41:33", "event": "resolve_code", "query": "020486", "fund_code": "020486", "reason": "按基金代码识别", "score": 1.0, "matched_name": "华富智慧城市灵活配置混合C"}
{"time": "2026-09-04 14:41:33", "event": "resolve_code", "query": "001252", "fund_code": "001252", "reason": "按基金代码识别", "score": 1.0, "matched_name": "中海进取收益混合"}
{"time": "2026-09-04 14:41:33", "event": "resolve_code", "query": "019395", "fund_code": "019395", "reason": "按基金代码识别", "score": 1.0, "matched_name": "浦银策略优选混合C"}
{"time": "2026-09-04 14:41:33", "event": "resolve_code", "query": "018049", "fund_code": "018049", "reason": "按基金代码识别", "score": 1.0, "matched_name": "申万菱信数字产业股票型发起式C"}
{"time": "2026-09-04 14:41:33", "event": "resolve_code", "query": "018463", "fund_code": "018463", "reason": "按基金代码识别", "score": 1.0, "matched_name": "德邦稳盈增长灵活配置混合C"}
{"time": "2026-09-04 14:41:33", "event": "resolve_code", "query": "015311", "fund_code": "015311", "reason": "按基金代码识别", "score": 1.0, "matched_name": "华泰柏瑞恒生科技ETF联接(QDII)C"}
{"time": "2026-09-04 14:41:33", "event": "resolve_code", "query": "013172", "fund_code": "013172", "reason": "按基金代码识别", "score": 1.0, "matched_name": "华夏恒生互联网科技业ETF联接(QDII)C"}
{"time": "2026-09-04 14:41:33", "event": "resolve_code", "query": "021634", "fund_code": "021634", "reason": "按基金代码识别", "score": 1.0, "matched_name": "招商中证香港科技ETF发起式联接(QDII)C"}
{"time": "2026-09-04 14:41:33", "event": "resolve_code", "query": "018524", "fund_code": "018524", "reason": "按基金代码识别", "score": 1.0, "matched_name": "华泰紫金恒生互联网科技业指数型发起基金(QDII)C"}
{"time": "2026-09-04 14:41:33", "event": "resolve_code", "query": "019937", "fund_code": "019937", "reason": "按基金代码识别", "score": 1.0, "matched_name": "华安恒生互联网科技业ETF发起式联接(QDII)C"}
{"time": "2026-09-04 14:41:33", "event": "resolve_code", "query": "018476", "fund_code": "018476", "reason": "按基金代码识别", "score": 1.0, "matched_name": "万家恒生互联网科技业ETF发起式联接(QDII)C"}
{"time": "2026-09-04 14:41:33", "event": "resolve_code", "query": "024038", "fund_code": "024038", "reason": "按基金代码识别", "score": 1.0, "matched_name": "银华港股科技30联接C"}
{"time": "2026-09-04 14:41:33", "event": "resolve_code", "query": "025167", "fund_code": "025167", "reason": "按基金代码识别", "score": 1.0, "matched_name": "汇添富恒生港股通中国科技ETF联接C"}
{"time": "2026-09-04 14:41:33", "event": "resolve_code", "query": "025198", "fund_code": "025198", "reason": "按基金代码识别", "score": 1.0, "matched_name": "广发港股通科技ETF联接C"}
{"time": "2026-09-04 14:41:33", "event": "resolve_code", "query": "025720", "fund_code": "025720", "reason": "按基金代码识别", "score": 1.0, "matched_name": "嘉实恒生港股通科技主题ETF联接C"}
{"time": "2026-09-04 14:41:33", "event": "resolve_code", "query": "025526", "fund_code": "025526", "reason": "按基金代码识别", "score": 1.0, "matched_name": "平安恒生港股通科技主题ETF发起式联接C"}
{"time": "2026-09-04 14:41:33", "event": "resolve_code", "query": "012349", "fund_code": "012349", "reason": "按基金代码识别", "score": 1.0, "matched_name": "天弘恒生科技ETF联接C"}
{"time": "2026-09-04 14:41:33", "event": "resolve_code", "query": "013309", "fund_code": "013309", "reason": "按基金代码识别", "score": 1.0, "matched_name": "易方达恒生科技ETF联接(QDII)C"}
{"time": "2026-09-04 14:41:33", "event": "resolve_code", "query": "015283", "fund_code": "015283", "reason": "按基金代码识别", "score": 1.0, "matched_name": "华安恒生科技ETF发起式联接(QDII)C"}
{"time": "2026-09-04 14:41:33", "event": "resolve_code", "query": "013403", "fund_code": "013403", "reason": "按基金代码识别", "score": 1.0, "matched_name": "华夏恒生科技ETF发起式联接(QDII)C"}
{"time": "2026-09-04 14:41:33", "event": "resolve_code", "query": "012805", "fund_code": "012805", "reason": "按基金代码识别", "score": 1.0, "matched_name": "广发恒生科技ETF联接(QDII)C"}
{"time": "2026-09-04 14:41:33", "event": "resolve_code", "query": "020989", "fund_code": "020989", "reason": "按基金代码识别", "score": 1.0, "matched_name": "南方恒生科技ETF发起联接(QDII)C"}
{"time": "2026-09-04 14:41:33", "event": "resolve_code", "query": "013128", "fund_code": "013128", "reason": "按基金代码识别", "score": 1.0, "matched_name": "汇添富恒生科技ETF联接发起式(QDII)C"}
{"time": "2026-09-04 14:41:33", "event": "resolve_code", "query": "014439", "fund_code": "014439", "reason": "按基金代码识别", "score": 1.0, "matched_name": "博时恒生科技ETF发起式联接(QDII)C"}
{"time": "2026-09-04 14:41:33", "event": "resolve_code", "query": "012980", "fund_code": "012980", "reason": "按基金代码识别", "score": 1.0, "matched_name": "大成恒生科技ETF发起式联接C"}
{"time": "2026-09-04 14:41:33", "event": "resolve_code", "query": "012571", "fund_code": "012571", "reason": "按基金代码识别", "score": 1.0, "matched_name": "建信恒生科技指数发起(QDII)C"}
{"time": "2026-09-04 14:41:33", "event": "resolve_code", "query": "018578", "fund_code": "018578", "reason": "按基金代码识别", "score": 1.0, "matched_name": "摩根恒生科技ETF发起式联接(QDII)C"}
{"time": "2026-09-04 14:41:33", "event": "resolve_code", "query": "023035", "fund_code": "023035", "reason": "按基金代码识别", "score": 1.0, "matched_name": "中欧恒生科技指数发起(QDII)C"}
{"time": "2026-09-04 14:41:33", "event": "resolve_code", "query": "024167", "fund_code": "024167", "reason": "按基金代码识别", "score": 1.0, "matched_name": "西部利得恒生科技指数(QDII)C"}
{"time": "2026-09-04 14:41:33", "event": "resolve_code", "query": "027766", "fund_code": "027766", "reason": "按基金代码识别", "score": 1.0, "matched_name": "嘉实恒生科技ETF发起联接(QDII)C"}
{"time": "2026-09-04 14:41:33", "event": "resolve_code", "query": "006614", "fund_code": "006614", "reason": "按基金代码识别", "score": 1.0, "matched_name": "嘉实港股通新经济指数C"}
{"time": "2026-09-04 14:41:33", "event": "resolve_code", "query": "513130", "fund_code": "513130", "reason": "按基金代码识别", "score": 1.0, "matched_name": "恒生科技ETF华泰柏瑞"}
{"time": "2026-09-04 14:41:33", "event": "resolve_code", "query": "016496", "fund_code": "016496", "reason": "按基金代码识别", "score": 1.0, "matched_name": "景顺长城中证港股通科技ETF发起联接C"}
{"time": "2026-09-04 14:41:33", "event": "resolve_code", "query": "015740", "fund_code": "015740", "reason": "按基金代码识别", "score": 1.0, "matched_name": "国泰中证港股通科技ETF发起联接C"}
{"time": "2026-09-04 14:41:33", "event": "resolve_code", "query": "026174", "fund_code": "026174", "reason": "按基金代码识别", "score": 1.0, "matched_name": "路博迈港股通科技股票C"}
{"time": "2026-09-04 14:41:33", "event": "resolve_code", "query": "027700", "fund_code": "027700", "reason": "按基金代码识别", "score": 1.0, "matched_name": "万家港股通科技智选混合发起式C"}
{"time": "2026-09-04 14:41:33", "event": "resolve_code", "query": "009897", "fund_code": "009897", "reason": "按基金代码识别", "score": 1.0, "matched_name": "广发港股通成长精选股票C"}
{"time": "2026-09-04 14:41:33", "event": "resolve_code", "query": "024535", "fund_code": "024535", "reason": "按基金代码识别", "score": 1.0, "matched_name": "平安港股通科技精选混合C"}
{"time": "2026-09-04 14:41:33", "event": "resolve_code", "query": "024736", "fund_code": "024736", "reason": "按基金代码识别", "score": 1.0, "matched_name": "永赢港股通科技智选混合发起C"}
{"time": "2026-09-04 14:41:33", "event": "resolve_code", "query": "014864", "fund_code": "014864", "reason": "按基金代码识别", "score": 1.0, "matched_name": "建信食品饮料行业股票C"}
{"time": "2026-09-04 14:41:33", "event": "resolve_code", "query": "003685", "fund_code": "003685", "reason": "按基金代码识别", "score": 1.0, "matched_name": "汇安丰融混合C"}
{"time": "2026-09-04 14:41:33", "event": "resolve_code", "query": "001632", "fund_code": "001632", "reason": "按基金代码识别", "score": 1.0, "matched_name": "天弘中证食品饮料ETF联接C"}
{"time": "2026-09-04 14:41:33", "event": "resolve_code", "query": "012341", "fund_code": "012341", "reason": "按基金代码识别", "score": 1.0, "matched_name": "东财食品饮料增强C"}
{"time": "2026-09-04 14:41:33", "event": "resolve_code", "query": "013126", "fund_code": "013126", "reason": "按基金代码识别", "score": 1.0, "matched_name": "华夏食品饮料ETF联接C"}
{"time": "2026-09-04 14:41:33", "event": "resolve_code", "query": "005236", "fund_code": "005236", "reason": "按基金代码识别", "score": 1.0, "matched_name": "银华食品饮料量化股票发起式C"}
{"time": "2026-09-04 14:41:33", "event": "resolve_code", "query": "015040", "fund_code": "015040", "reason": "按基金代码识别", "score": 1.0, "matched_name": "国泰国证食品饮料行业(LOF)C"}
{"time": "2026-09-04 14:41:33", "event": "resolve_code", "query": "013027", "fund_code": "013027", "reason": "按基金代码识别", "score": 1.0, "matched_name": "银华富久食品饮料精选混合(LOF)C"}
{"time": "2026-09-04 14:41:33", "event": "resolve_code", "query": "013290", "fund_code": "013290", "reason": "按基金代码识别", "score": 1.0, "matched_name": "工银食品饮料混合C"}
{"time": "2026-09-04 14:41:33", "event": "resolve_code", "query": "023537", "fund_code": "023537", "reason": "按基金代码识别", "score": 1.0, "matched_name": "博时中证金融科技主题ETF联接C"}
{"time": "2026-09-04 14:41:33", "event": "resolve_code", "query": "013478", "fund_code": "013478", "reason": "按基金代码识别", "score": 1.0, "matched_name": "华宝中证金融科技主题ETF发起式联接C"}
{"time": "2026-09-04 14:41:33", "event": "resolve_code", "query": "023885", "fund_code": "023885", "reason": "按基金代码识别", "score": 1.0, "matched_name": "华夏中证金融科技主题ETF发起式联接C"}
{"time": "2026-09-04 14:41:33", "event": "resolve_code", "query": "027390", "fund_code": "027390", "reason": "按基金代码识别", "score": 1.0, "matched_name": "前海开源中证金融科技主题指数C"}
{"time": "2026-09-04 14:41:34", "event": "resolve_code", "query": "027167", "fund_code": "027167", "reason": "按基金代码识别", "score": 1.0, "matched_name": "汇添富中证金融科技主题ETF发起式联接C"}
{"time": "2026-09-04 14:41:34", "event": "resolve_fail", "query": "150318", "fund_code": "", "reason": "未找到该基金代码，请确认后手动输入", "score": 0.0, "matched_name": ""}
{"time": "2026-09-04 14:41:34", "event": "resolve_fail", "query": "164907", "fund_code": "", "reason": "未找到该基金代码，请确认后手动输入", "score": 0.0, "matched_name": ""}
{"time": "2026-09-04 14:41:34", "event": "resolve_fail", "query": "150317", "fund_code": "", "reason": "未找到该基金代码，请确认后手动输入", "score": 0.0, "matched_name": ""}
{"time": "2026-09-04 14:41:34", "event": "resolve_code", "query": "168702", "fund_code": "168702", "reason": "按基金代码识别", "score": 1.0, "matched_name": "合煦智远金融科技指数(LOF)C"}
{"time": "2026-09-04 14:41:34", "event": "resolve_code", "query": "014673", "fund_code": "014673", "reason": "按基金代码识别", "score": 1.0, "matched_name": "富国中证港股通互联网ETF发起式联接A"}
{"time": "2026-09-04 14:41:34", "event": "resolve_code", "query": "017126", "fund_code": "017126", "reason": "按基金代码识别", "score": 1.0, "matched_name": "华宝中证港股通互联网ETF发起联接C"}
{"time": "2026-09-04 14:41:34", "event": "resolve_code", "query": "021093", "fund_code": "021093", "reason": "按基金代码识别", "score": 1.0, "matched_name": "广发中证港股通互联网ETF发起式联接C"}
{"time": "2026-09-04 14:41:34", "event": "resolve_code", "query": "021378", "fund_code": "021378", "reason": "按基金代码识别", "score": 1.0, "matched_name": "兴业中证港股通互联网ETF联接C"}
{"time": "2026-09-04 14:41:34", "event": "resolve_code", "query": "027128", "fund_code": "027128", "reason": "按基金代码识别", "score": 1.0, "matched_name": "国泰中证港股通互联网ETF发起联接C"}
{"time": "2026-09-04 14:41:34", "event": "resolve_code", "query": "023764", "fund_code": "023764", "reason": "按基金代码识别", "score": 1.0, "matched_name": "华夏恒生互联网科技业ETF发起式联接(QDII)D"}
{"time": "2026-09-04 14:41:34", "event": "resolve_code", "query": "011925", "fund_code": "011925", "reason": "按基金代码识别", "score": 1.0, "matched_name": "嘉实港股互联网产业核心资产C"}
{"time": "2026-09-04 14:41:34", "event": "resolve_code", "query": "004753", "fund_code": "004753", "reason": "按基金代码识别", "score": 1.0, "matched_name": "广发中证传媒ETF联接C"}
{"time": "2026-09-04 14:41:34", "event": "resolve_code", "query": "015675", "fund_code": "015675", "reason": "按基金代码识别", "score": 1.0, "matched_name": "鹏华中证传媒指数(LOF)C"}
{"time": "2026-09-04 14:41:34", "event": "resolve_code", "query": "010677", "fund_code": "010677", "reason": "按基金代码识别", "score": 1.0, "matched_name": "工银传媒指数C"}
{"time": "2026-09-04 14:41:34", "event": "resolve_code", "query": "164818", "fund_code": "164818", "reason": "按基金代码识别", "score": 1.0, "matched_name": "工银传媒指数A"}
{"time": "2026-09-04 14:41:34", "event": "resolve_code", "query": "012769", "fund_code": "012769", "reason": "按基金代码识别", "score": 1.0, "matched_name": "华夏中证动漫游戏ETF发起式联接C"}
{"time": "2026-09-04 14:41:34", "event": "resolve_code", "query": "012729", "fund_code": "012729", "reason": "按基金代码识别", "score": 1.0, "matched_name": "国泰中证动漫游戏ETF联接C"}
{"time": "2026-09-04 14:41:34", "event": "resolve_code", "query": "018590", "fund_code": "018590", "reason": "按基金代码识别", "score": 1.0, "matched_name": "银华体育文化灵活配置混合C"}
{"time": "2026-09-04 14:41:34", "event": "resolve_code", "query": "013278", "fund_code": "013278", "reason": "按基金代码识别", "score": 1.0, "matched_name": "富国中证体育产业指数(LOF)C"}
{"time": "2026-09-04 14:41:34", "event": "resolve_code", "query": "002583", "fund_code": "002583", "reason": "按基金代码识别", "score": 1.0, "matched_name": "泰信行业精选混合C"}
{"time": "2026-09-04 14:41:34", "event": "resolve_code", "query": "027762", "fund_code": "027762", "reason": "按基金代码识别", "score": 1.0, "matched_name": "广发国证粮食产业ETF发起式联接C"}
{"time": "2026-09-04 14:41:34", "event": "resolve_code", "query": "012725", "fund_code": "012725", "reason": "按基金代码识别", "score": 1.0, "matched_name": "国泰中证畜牧养殖ETF联接C"}
{"time": "2026-09-04 14:41:34", "event": "resolve_code", "query": "014415", "fund_code": "014415", "reason": "按基金代码识别", "score": 1.0, "matched_name": "招商中证畜牧养殖ETF联接C"}
{"time": "2026-09-04 14:41:34", "event": "resolve_code", "query": "014064", "fund_code": "014064", "reason": "按基金代码识别", "score": 1.0, "matched_name": "银华农业产业股票发起式C"}
{"time": "2026-09-04 14:41:34", "event": "resolve_code", "query": "008425", "fund_code": "008425", "reason": "按基金代码识别", "score": 1.0, "matched_name": "国联品牌优选混合C"}
{"time": "2026-09-04 14:41:34", "event": "resolve_code", "query": "027711", "fund_code": "027711", "reason": "按基金代码识别", "score": 1.0, "matched_name": "汇添富中证畜牧养殖产业ETF发起式联接C"}
{"time": "2026-09-04 14:41:34", "event": "resolve_code", "query": "015468", "fund_code": "015468", "reason": "按基金代码识别", "score": 1.0, "matched_name": "嘉实农业产业股票C"}
{"time": "2026-09-04 14:41:34", "event": "resolve_code", "query": "015210", "fund_code": "015210", "reason": "按基金代码识别", "score": 1.0, "matched_name": "前海开源沪港深农业混合C"}
{"time": "2026-09-04 14:41:34", "event": "resolve_code", "query": "010770", "fund_code": "010770", "reason": "按基金代码识别", "score": 1.0, "matched_name": "天弘中证农业主题ETF联接C"}
{"time": "2026-09-04 14:41:34", "event": "resolve_code", "query": "015879", "fund_code": "015879", "reason": "按基金代码识别", "score": 1.0, "matched_name": "富国中证农业主题ETF联接C"}
{"time": "2026-09-04 14:41:34", "event": "resolve_code", "query": "021831", "fund_code": "021831", "reason": "按基金代码识别", "score": 1.0, "matched_name": "国寿安保农业产业股票发起式C"}
{"time": "2026-09-04 14:41:34", "event": "resolve_code", "query": "028552", "fund_code": "028552", "reason": "按基金代码识别", "score": 1.0, "matched_name": "招商国证粮食产业指数发起式C"}
{"time": "2026-09-04 14:41:34", "event": "resolve_code", "query": "021087", "fund_code": "021087", "reason": "按基金代码识别", "score": 1.0, "matched_name": "鹏华国证粮食产业ETF发起式联接C"}
{"time": "2026-09-04 14:41:34", "event": "resolve_code", "query": "020651", "fund_code": "020651", "reason": "按基金代码识别", "score": 1.0, "matched_name": "博时国证粮食产业ETF发起式联接C"}
{"time": "2026-09-04 14:41:34", "event": "resolve_code", "query": "015484", "fund_code": "015484", "reason": "按基金代码识别", "score": 1.0, "matched_name": "前海开源中证大农业指数增强C"}
{"time": "2026-09-04 14:45:42", "event": "user_fix", "query": "021031", "fund_code": "021031", "reason": "用户手动修正", "score": null, "matched_name": "021031"}
{"time": "2026-09-04 14:45:42", "event": "user_fix", "query": "023930", "fund_code": "023930", "reason": "用户手动修正", "score": null, "matched_name": "023930"}
{"time": "2026-09-04 14:45:42", "event": "user_fix", "query": "024329", "fund_code": "024329", "reason": "用户手动修正", "score": null, "matched_name": "024329"}
{"time": "2026-09-04 14:45:42", "event": "user_fix", "query": "020398", "fund_code": "020398", "reason": "用户手动修正", "score": null, "matched_name": "020398"}
{"time": "2026-09-04 14:45:42", "event": "user_fix", "query": "010500", "fund_code": "010500", "reason": "用户手动修正", "score": null, "matched_name": "010500"}
{"time": "2026-09-04 14:45:42", "event": "user_fix", "query": "022150", "fund_code": "022150", "reason": "用户手动修正", "score": null, "matched_name": "022150"}
{"time": "2026-09-04 14:45:42", "event": "user_fix", "query": "024358", "fund_code": "024358", "reason": "用户手动修正", "score": null, "matched_name": "024358"}
{"time": "2026-09-04 14:45:42", "event": "user_fix", "query": "014842", "fund_code": "014842", "reason": "用户手动修正", "score": null, "matched_name": "014842"}
{"time": "2026-09-04 14:45:42", "event": "user_fix", "query": "020232", "fund_code": "020232", "reason": "用户手动修正", "score": null, "matched_name": "020232"}
{"time": "2026-09-04 14:45:42", "event": "user_fix", "query": "022302", "fund_code": "022302", "reason": "用户手动修正", "score": null, "matched_name": "022302"}
{"time": "2026-09-04 14:45:42", "event": "user_fix", "query": "013038", "fund_code": "013038", "reason": "用户手动修正", "score": null, "matched_name": "013038"}
{"time": "2026-09-04 14:45:42", "event": "user_fix", "query": "015916", "fund_code": "015916", "reason": "用户手动修正", "score": null, "matched_name": "015916"}
{"time": "2026-09-04 14:45:42", "event": "user_fix", "query": "024380", "fund_code": "024380", "reason": "用户手动修正", "score": null, "matched_name": "024380"}
{"time": "2026-09-04 14:45:42", "event": "user_fix", "query": "019917", "fund_code": "019917", "reason": "用户手动修正", "score": null, "matched_name": "019917"}
{"time": "2026-09-04 14:45:42", "event": "user_fix", "query": "021089", "fund_code": "021089", "reason": "用户手动修正", "score": null, "matched_name": "021089"}
{"time": "2026-09-04 14:45:42", "event": "user_fix", "query": "016971", "fund_code": "016971", "reason": "用户手动修正", "score": null, "matched_name": "016971"}
{"time": "2026-09-04 14:45:42", "event": "user_fix", "query": "019310", "fund_code": "019310", "reason": "用户手动修正", "score": null, "matched_name": "019310"}
{"time": "2026-09-04 14:45:42", "event": "user_fix", "query": "012359", "fund_code": "012359", "reason": "用户手动修正", "score": null, "matched_name": "012359"}
{"time": "2026-09-04 14:45:42", "event": "user_fix", "query": "019671", "fund_code": "019671", "reason": "用户手动修正", "score": null, "matched_name": "019671"}
{"time": "2026-09-04 14:45:42", "event": "user_fix", "query": "018046", "fund_code": "018046", "reason": "用户手动修正", "score": null, "matched_name": "018046"}
{"time": "2026-09-04 14:45:42", "event": "user_fix", "query": "010655", "fund_code": "010655", "reason": "用户手动修正", "score": null, "matched_name": "010655"}
{"time": "2026-09-04 14:45:42", "event": "user_fix", "query": "023598", "fund_code": "023598", "reason": "用户手动修正", "score": null, "matched_name": "023598"}
{"time": "2026-09-04 14:45:42", "event": "user_fix", "query": "021760", "fund_code": "021760", "reason": "用户手动修正", "score": null, "matched_name": "021760"}
{"time": "2026-09-04 14:45:42", "event": "user_fix", "query": "020459", "fund_code": "020459", "reason": "用户手动修正", "score": null, "matched_name": "020459"}
{"time": "2026-09-04 14:45:42", "event": "user_fix", "query": "024344", "fund_code": "024344", "reason": "用户手动修正", "score": null, "matched_name": "024344"}
{"time": "2026-09-04 14:45:42", "event": "user_fix", "query": "020137", "fund_code": "020137", "reason": "用户手动修正", "score": null, "matched_name": "020137"}
{"time": "2026-09-04 14:45:42", "event": "user_fix", "query": "020437", "fund_code": "020437", "reason": "用户手动修正", "score": null, "matched_name": "020437"}
{"time": "2026-09-04 14:45:42", "event": "user_fix", "query": "022691", "fund_code": "022691", "reason": "用户手动修正", "score": null, "matched_name": "022691"}
{"time": "2026-09-04 14:45:42", "event": "user_fix", "query": "019621", "fund_code": "019621", "reason": "用户手动修正", "score": null, "matched_name": "019621"}
{"time": "2026-09-04 14:45:42", "event": "user_fix", "query": "006003", "fund_code": "006003", "reason": "用户手动修正", "score": null, "matched_name": "006003"}
{"time": "2026-09-04 14:45:42", "event": "user_fix", "query": "015033", "fund_code": "015033", "reason": "用户手动修正", "score": null, "matched_name": "015033"}
{"time": "2026-09-04 14:45:42", "event": "user_fix", "query": "023394", "fund_code": "023394", "reason": "用户手动修正", "score": null, "matched_name": "023394"}
{"time": "2026-09-04 14:45:42", "event": "user_fix", "query": "010394", "fund_code": "010394", "reason": "用户手动修正", "score": null, "matched_name": "010394"}
{"time": "2026-09-04 14:45:42", "event": "user_fix", "query": "018529", "fund_code": "018529", "reason": "用户手动修正", "score": null, "matched_name": "018529"}
{"time": "2026-09-04 14:45:42", "event": "user_fix", "query": "006721", "fund_code": "006721", "reason": "用户手动修正", "score": null, "matched_name": "006721"}
{"time": "2026-09-04 14:45:42", "event": "user_fix", "query": "022287", "fund_code": "022287", "reason": "用户手动修正", "score": null, "matched_name": "022287"}
{"time": "2026-09-04 14:45:42", "event": "user_fix", "query": "006229", "fund_code": "006229", "reason": "用户手动修正", "score": null, "matched_name": "006229"}
{"time": "2026-09-04 14:45:42", "event": "user_fix", "query": "018076", "fund_code": "018076", "reason": "用户手动修正", "score": null, "matched_name": "018076"}
{"time": "2026-09-04 14:45:42", "event": "user_fix", "query": "025023", "fund_code": "025023", "reason": "用户手动修正", "score": null, "matched_name": "025023"}
{"time": "2026-09-04 14:45:42", "event": "user_fix", "query": "014118", "fund_code": "014118", "reason": "用户手动修正", "score": null, "matched_name": "014118"}
{"time": "2026-09-04 14:45:42", "event": "user_fix", "query": "010710", "fund_code": "010710", "reason": "用户手动修正", "score": null, "matched_name": "010710"}
{"time": "2026-09-04 14:45:42", "event": "user_fix", "query": "022082", "fund_code": "022082", "reason": "用户手动修正", "score": null, "matched_name": "022082"}
{"time": "2026-09-04 14:45:42", "event": "user_fix", "query": "013357", "fund_code": "013357", "reason": "用户手动修正", "score": null, "matched_name": "013357"}
{"time": "2026-09-04 14:45:42", "event": "user_fix", "query": "015053", "fund_code": "015053", "reason": "用户手动修正", "score": null, "matched_name": "015053"}
{"time": "2026-09-04 14:45:42", "event": "user_fix", "query": "014115", "fund_code": "014115", "reason": "用户手动修正", "score": null, "matched_name": "014115"}
{"time": "2026-09-04 14:45:42", "event": "user_fix", "query": "015171", "fund_code": "015171", "reason": "用户手动修正", "score": null, "matched_name": "015171"}
{"time": "2026-09-04 14:45:42", "event": "user_fix", "query": "006241", "fund_code": "006241", "reason": "用户手动修正", "score": null, "matched_name": "006241"}
{"time": "2026-09-04 14:45:42", "event": "user_fix", "query": "018160", "fund_code": "018160", "reason": "用户手动修正", "score": null, "matched_name": "018160"}
{"time": "2026-09-04 14:45:42", "event": "user_fix", "query": "020559", "fund_code": "020559", "reason": "用户手动修正", "score": null, "matched_name": "020559"}
{"time": "2026-09-04 14:45:42", "event": "user_fix", "query": "027050", "fund_code": "027050", "reason": "用户手动修正", "score": null, "matched_name": "027050"}
{"time": "2026-09-04 14:45:42", "event": "user_fix", "query": "019346", "fund_code": "019346", "reason": "用户手动修正", "score": null, "matched_name": "019346"}
{"time": "2026-09-04 14:45:42", "event": "user_fix", "query": "013941", "fund_code": "013941", "reason": "用户手动修正", "score": null, "matched_name": "013941"}
{"time": "2026-09-04 14:45:42", "event": "user_fix", "query": "008924", "fund_code": "008924", "reason": "用户手动修正", "score": null, "matched_name": "008924"}
{"time": "2026-09-04 14:45:42", "event": "user_fix", "query": "015066", "fund_code": "015066", "reason": "用户手动修正", "score": null, "matched_name": "015066"}
{"time": "2026-09-04 14:45:42", "event": "user_fix", "query": "013483", "fund_code": "013483", "reason": "用户手动修正", "score": null, "matched_name": "013483"}
{"time": "2026-09-04 14:45:42", "event": "user_fix", "query": "013957", "fund_code": "013957", "reason": "用户手动修正", "score": null, "matched_name": "013957"}
{"time": "2026-09-04 14:45:42", "event": "user_fix", "query": "010321", "fund_code": "010321", "reason": "用户手动修正", "score": null, "matched_name": "010321"}
{"time": "2026-09-04 14:45:42", "event": "user_fix", "query": "027046", "fund_code": "027046", "reason": "用户手动修正", "score": null, "matched_name": "027046"}
{"time": "2026-09-04 14:45:42", "event": "user_fix", "query": "013349", "fund_code": "013349", "reason": "用户手动修正", "score": null, "matched_name": "013349"}
{"time": "2026-09-04 14:45:42", "event": "user_fix", "query": "007553", "fund_code": "007553", "reason": "用户手动修正", "score": null, "matched_name": "007553"}
{"time": "2026-09-04 14:45:42", "event": "user_fix", "query": "010159", "fund_code": "010159", "reason": "用户手动修正", "score": null, "matched_name": "010159"}
{"time": "2026-09-04 14:45:42", "event": "user_fix", "query": "021309", "fund_code": "021309", "reason": "用户手动修正", "score": null, "matched_name": "021309"}
{"time": "2026-09-04 14:45:42", "event": "user_fix", "query": "015121", "fund_code": "015121", "reason": "用户手动修正", "score": null, "matched_name": "015121"}
{"time": "2026-09-04 14:45:42", "event": "user_fix", "query": "002165", "fund_code": "002165", "reason": "用户手动修正", "score": null, "matched_name": "002165"}
{"time": "2026-09-04 14:45:42", "event": "user_fix", "query": "010091", "fund_code": "010091", "reason": "用户手动修正", "score": null, "matched_name": "010091"}
{"time": "2026-09-04 14:45:42", "event": "user_fix", "query": "018209", "fund_code": "018209", "reason": "用户手动修正", "score": null, "matched_name": "018209"}
{"time": "2026-09-04 14:45:42", "event": "user_fix", "query": "019029", "fund_code": "019029", "reason": "用户手动修正", "score": null, "matched_name": "019029"}
{"time": "2026-09-04 14:45:42", "event": "user_fix", "query": "006229", "fund_code": "006229", "reason": "用户手动修正", "score": null, "matched_name": "006229"}
{"time": "2026-09-04 14:45:42", "event": "user_fix", "query": "010685", "fund_code": "010685", "reason": "用户手动修正", "score": null, "matched_name": "010685"}
{"time": "2026-09-04 14:45:42", "event": "user_fix", "query": "007862", "fund_code": "007862", "reason": "用户手动修正", "score": null, "matched_name": "007862"}
{"time": "2026-09-04 14:45:42", "event": "user_fix", "query": "015562", "fund_code": "015562", "reason": "用户手动修正", "score": null, "matched_name": "015562"}
{"time": "2026-09-04 14:45:42", "event": "user_fix", "query": "010031", "fund_code": "010031", "reason": "用户手动修正", "score": null, "matched_name": "010031"}
{"time": "2026-09-04 14:45:42", "event": "user_fix", "query": "014933", "fund_code": "014933", "reason": "用户手动修正", "score": null, "matched_name": "014933"}
{"time": "2026-09-04 14:45:42", "event": "user_fix", "query": "012738", "fund_code": "012738", "reason": "用户手动修正", "score": null, "matched_name": "012738"}
{"time": "2026-09-04 14:45:42", "event": "user_fix", "query": "012782", "fund_code": "012782", "reason": "用户手动修正", "score": null, "matched_name": "012782"}
{"time": "2026-09-04 14:45:42", "event": "user_fix", "query": "021098", "fund_code": "021098", "reason": "用户手动修正", "score": null, "matched_name": "021098"}
{"time": "2026-09-04 14:45:42", "event": "user_fix", "query": "021293", "fund_code": "021293", "reason": "用户手动修正", "score": null, "matched_name": "021293"}
{"time": "2026-09-04 14:45:42", "event": "user_fix", "query": "013073", "fund_code": "013073", "reason": "用户手动修正", "score": null, "matched_name": "013073"}
{"time": "2026-09-04 14:45:42", "event": "user_fix", "query": "011082", "fund_code": "011082", "reason": "用户手动修正", "score": null, "matched_name": "011082"}
{"time": "2026-09-04 14:45:42", "event": "user_fix", "query": "003231", "fund_code": "003231", "reason": "用户手动修正", "score": null, "matched_name": "003231"}
{"time": "2026-09-04 14:45:42", "event": "user_fix", "query": "022853", "fund_code": "022853", "reason": "用户手动修正", "score": null, "matched_name": "022853"}
{"time": "2026-09-04 14:45:42", "event": "user_fix", "query": "002938", "fund_code": "002938", "reason": "用户手动修正", "score": null, "matched_name": "002938"}
{"time": "2026-09-04 14:45:42", "event": "user_fix", "query": "020143", "fund_code": "020143", "reason": "用户手动修正", "score": null, "matched_name": "020143"}
{"time": "2026-09-04 14:45:42", "event": "user_fix", "query": "004041", "fund_code": "004041", "reason": "用户手动修正", "score": null, "matched_name": "004041"}
{"time": "2026-09-04 14:45:42", "event": "user_fix", "query": "024819", "fund_code": "024819", "reason": "用户手动修正", "score": null, "matched_name": "024819"}
{"time": "2026-09-04 14:45:42", "event": "user_fix", "query": "018009", "fund_code": "018009", "reason": "用户手动修正", "score": null, "matched_name": "018009"}
{"time": "2026-09-04 14:45:42", "event": "user_fix", "query": "019741", "fund_code": "019741", "reason": "用户手动修正", "score": null, "matched_name": "019741"}
{"time": "2026-09-04 14:45:42", "event": "user_fix", "query": "013183", "fund_code": "013183", "reason": "用户手动修正", "score": null, "matched_name": "013183"}
{"time": "2026-09-04 14:45:42", "event": "user_fix", "query": "011326", "fund_code": "011326", "reason": "用户手动修正", "score": null, "matched_name": "011326"}
{"time": "2026-09-04 14:45:42", "event": "user_fix", "query": "018485", "fund_code": "018485", "reason": "用户手动修正", "score": null, "matched_name": "018485"}
{"time": "2026-09-04 14:45:42", "event": "user_fix", "query": "017133", "fund_code": "017133", "reason": "用户手动修正", "score": null, "matched_name": "017133"}
{"time": "2026-09-04 14:45:42", "event": "user_fix", "query": "017042", "fund_code": "017042", "reason": "用户手动修正", "score": null, "matched_name": "017042"}
{"time": "2026-09-04 14:45:42", "event": "user_fix", "query": "167002", "fund_code": "167002", "reason": "用户手动修正", "score": null, "matched_name": "167002"}
{"time": "2026-09-04 14:45:42", "event": "user_fix", "query": "025857", "fund_code": "025857", "reason": "用户手动修正", "score": null, "matched_name": "025857"}
{"time": "2026-09-04 14:45:42", "event": "user_fix", "query": "026681", "fund_code": "026681", "reason": "用户手动修正", "score": null, "matched_name": "026681"}
{"time": "2026-09-04 14:45:42", "event": "user_fix", "query": "023675", "fund_code": "023675", "reason": "用户手动修正", "score": null, "matched_name": "023675"}
{"time": "2026-09-04 14:45:42", "event": "user_fix", "query": "023639", "fund_code": "023639", "reason": "用户手动修正", "score": null, "matched_name": "023639"}
{"time": "2026-09-04 14:45:42", "event": "user_fix", "query": "020425", "fund_code": "020425", "reason": "用户手动修正", "score": null, "matched_name": "020425"}
{"time": "2026-09-04 14:45:42", "event": "user_fix", "query": "016387", "fund_code": "016387", "reason": "用户手动修正", "score": null, "matched_name": "016387"}
{"time": "2026-09-04 14:45:42", "event": "user_fix", "query": "002164", "fund_code": "002164", "reason": "用户手动修正", "score": null, "matched_name": "002164"}
{"time": "2026-09-04 14:45:42", "event": "user_fix", "query": "019411", "fund_code": "019411", "reason": "用户手动修正", "score": null, "matched_name": "019411"}
{"time": "2026-09-04 14:45:42", "event": "user_fix", "query": "018751", "fund_code": "018751", "reason": "用户手动修正", "score": null, "matched_name": "018751"}
{"time": "2026-09-04 14:45:42", "event": "user_fix", "query": "002207", "fund_code": "002207", "reason": "用户手动修正", "score": null, "matched_name": "002207"}
{"time": "2026-09-04 14:45:42", "event": "user_fix", "query": "021075", "fund_code": "021075", "reason": "用户手动修正", "score": null, "matched_name": "021075"}
{"time": "2026-09-04 14:45:42", "event": "user_fix", "query": "001467", "fund_code": "001467", "reason": "用户手动修正", "score": null, "matched_name": "001467"}
{"time": "2026-09-04 14:45:42", "event": "user_fix", "query": "025446", "fund_code": "025446", "reason": "用户手动修正", "score": null, "matched_name": "025446"}
{"time": "2026-09-04 14:45:42", "event": "user_fix", "query": "021959", "fund_code": "021959", "reason": "用户手动修正", "score": null, "matched_name": "021959"}
{"time": "2026-09-04 14:45:42", "event": "user_fix", "query": "021874", "fund_code": "021874", "reason": "用户手动修正", "score": null, "matched_name": "021874"}
{"time": "2026-09-04 14:45:42", "event": "user_fix", "query": "009394", "fund_code": "009394", "reason": "用户手动修正", "score": null, "matched_name": "009394"}
{"time": "2026-09-04 14:45:42", "event": "user_fix", "query": "161810", "fund_code": "161810", "reason": "用户手动修正", "score": null, "matched_name": "161810"}
{"time": "2026-09-04 14:45:42", "event": "user_fix", "query": "026834", "fund_code": "026834", "reason": "用户手动修正", "score": null, "matched_name": "026834"}
{"time": "2026-09-04 14:45:42", "event": "user_fix", "query": "015790", "fund_code": "015790", "reason": "用户手动修正", "score": null, "matched_name": "015790"}
{"time": "2026-09-04 14:45:42", "event": "user_fix", "query": "019144", "fund_code": "019144", "reason": "用户手动修正", "score": null, "matched_name": "019144"}
{"time": "2026-09-04 14:45:42", "event": "user_fix", "query": "026385", "fund_code": "026385", "reason": "用户手动修正", "score": null, "matched_name": "026385"}
{"time": "2026-09-04 14:45:42", "event": "user_fix", "query": "025647", "fund_code": "025647", "reason": "用户手动修正", "score": null, "matched_name": "025647"}
{"time": "2026-09-04 14:45:42", "event": "user_fix", "query": "016848", "fund_code": "016848", "reason": "用户手动修正", "score": null, "matched_name": "016848"}
{"time": "2026-09-04 14:45:42", "event": "user_fix", "query": "007046", "fund_code": "007046", "reason": "用户手动修正", "score": null, "matched_name": "007046"}
{"time": "2026-09-04 14:45:42", "event": "user_fix", "query": "015839", "fund_code": "015839", "reason": "用户手动修正", "score": null, "matched_name": "015839"}
{"time": "2026-09-04 14:45:42", "event": "user_fix", "query": "018363", "fund_code": "018363", "reason": "用户手动修正", "score": null, "matched_name": "018363"}
{"time": "2026-09-04 14:45:42", "event": "user_fix", "query": "027467", "fund_code": "027467", "reason": "用户手动修正", "score": null, "matched_name": "027467"}
{"time": "2026-09-04 14:45:42", "event": "user_fix", "query": "290014", "fund_code": "290014", "reason": "用户手动修正", "score": null, "matched_name": "290014"}
{"time": "2026-09-04 14:45:42", "event": "user_fix", "query": "290008", "fund_code": "290008", "reason": "用户手动修正", "score": null, "matched_name": "290008"}
{"time": "2026-09-04 14:45:42", "event": "user_fix", "query": "012710", "fund_code": "012710", "reason": "用户手动修正", "score": null, "matched_name": "012710"}
{"time": "2026-09-04 14:45:42", "event": "user_fix", "query": "019235", "fund_code": "019235", "reason": "用户手动修正", "score": null, "matched_name": "019235"}
{"time": "2026-09-04 14:45:42", "event": "user_fix", "query": "025778", "fund_code": "025778", "reason": "用户手动修正", "score": null, "matched_name": "025778"}
{"time": "2026-09-04 14:45:42", "event": "user_fix", "query": "022447", "fund_code": "022447", "reason": "用户手动修正", "score": null, "matched_name": "022447"}
{"time": "2026-09-04 14:45:42", "event": "user_fix", "query": "020705", "fund_code": "020705", "reason": "用户手动修正", "score": null, "matched_name": "020705"}
{"time": "2026-09-04 14:45:42", "event": "user_fix", "query": "007818", "fund_code": "007818", "reason": "用户手动修正", "score": null, "matched_name": "007818"}
{"time": "2026-09-04 14:45:42", "event": "user_fix", "query": "020900", "fund_code": "020900", "reason": "用户手动修正", "score": null, "matched_name": "020900"}
{"time": "2026-09-04 14:45:42", "event": "user_fix", "query": "020692", "fund_code": "020692", "reason": "用户手动修正", "score": null, "matched_name": "020692"}
{"time": "2026-09-04 14:45:42", "event": "user_fix", "query": "021989", "fund_code": "021989", "reason": "用户手动修正", "score": null, "matched_name": "021989"}
{"time": "2026-09-04 14:45:42", "event": "user_fix", "query": "019072", "fund_code": "019072", "reason": "用户手动修正", "score": null, "matched_name": "019072"}
{"time": "2026-09-04 14:45:42", "event": "user_fix", "query": "019237", "fund_code": "019237", "reason": "用户手动修正", "score": null, "matched_name": "019237"}
{"time": "2026-09-04 14:45:42", "event": "user_fix", "query": "021934", "fund_code": "021934", "reason": "用户手动修正", "score": null, "matched_name": "021934"}
{"time": "2026-09-04 14:45:42", "event": "user_fix", "query": "018998", "fund_code": "018998", "reason": "用户手动修正", "score": null, "matched_name": "018998"}
{"time": "2026-09-04 14:45:42", "event": "user_fix", "query": "020662", "fund_code": "020662", "reason": "用户手动修正", "score": null, "matched_name": "020662"}
{"time": "2026-09-04 14:45:42", "event": "user_fix", "query": "014784", "fund_code": "014784", "reason": "用户手动修正", "score": null, "matched_name": "014784"}
{"time": "2026-09-04 14:45:42", "event": "user_fix", "query": "001407", "fund_code": "001407", "reason": "用户手动修正", "score": null, "matched_name": "001407"}
{"time": "2026-09-04 14:45:42", "event": "user_fix", "query": "008087", "fund_code": "008087", "reason": "用户手动修正", "score": null, "matched_name": "008087"}
{"time": "2026-09-04 14:45:42", "event": "user_fix", "query": "010524", "fund_code": "010524", "reason": "用户手动修正", "score": null, "matched_name": "010524"}
{"time": "2026-09-04 14:45:42", "event": "user_fix", "query": "012224", "fund_code": "012224", "reason": "用户手动修正", "score": null, "matched_name": "012224"}
{"time": "2026-09-04 14:45:42", "event": "user_fix", "query": "013384", "fund_code": "013384", "reason": "用户手动修正", "score": null, "matched_name": "013384"}
{"time": "2026-09-04 14:45:42", "event": "user_fix", "query": "024477", "fund_code": "024477", "reason": "用户手动修正", "score": null, "matched_name": "024477"}
{"time": "2026-09-04 14:45:42", "event": "user_fix", "query": "009489", "fund_code": "009489", "reason": "用户手动修正", "score": null, "matched_name": "009489"}
{"time": "2026-09-04 14:45:42", "event": "user_fix", "query": "026539", "fund_code": "026539", "reason": "用户手动修正", "score": null, "matched_name": "026539"}
{"time": "2026-09-04 14:45:42", "event": "user_fix", "query": "019830", "fund_code": "019830", "reason": "用户手动修正", "score": null, "matched_name": "019830"}
{"time": "2026-09-04 14:45:42", "event": "user_fix", "query": "008327", "fund_code": "008327", "reason": "用户手动修正", "score": null, "matched_name": "008327"}
{"time": "2026-09-04 14:45:42", "event": "user_fix", "query": "002418", "fund_code": "002418", "reason": "用户手动修正", "score": null, "matched_name": "002418"}
{"time": "2026-09-04 14:45:42", "event": "user_fix", "query": "023095", "fund_code": "023095", "reason": "用户手动修正", "score": null, "matched_name": "023095"}
{"time": "2026-09-04 14:45:42", "event": "user_fix", "query": "001608", "fund_code": "001608", "reason": "用户手动修正", "score": null, "matched_name": "001608"}
{"time": "2026-09-04 14:45:42", "event": "user_fix", "query": "026290", "fund_code": "026290", "reason": "用户手动修正", "score": null, "matched_name": "026290"}
{"time": "2026-09-04 14:45:42", "event": "user_fix", "query": "023452", "fund_code": "023452", "reason": "用户手动修正", "score": null, "matched_name": "023452"}
{"time": "2026-09-04 14:45:42", "event": "user_fix", "query": "025415", "fund_code": "025415", "reason": "用户手动修正", "score": null, "matched_name": "025415"}
{"time": "2026-09-04 14:45:42", "event": "user_fix", "query": "025759", "fund_code": "025759", "reason": "用户手动修正", "score": null, "matched_name": "025759"}
{"time": "2026-09-04 14:45:42", "event": "user_fix", "query": "519158", "fund_code": "519158", "reason": "用户手动修正", "score": null, "matched_name": "519158"}
{"time": "2026-09-04 14:45:42", "event": "user_fix", "query": "020699", "fund_code": "020699", "reason": "用户手动修正", "score": null, "matched_name": "020699"}
{"time": "2026-09-04 14:45:42", "event": "user_fix", "query": "019386", "fund_code": "019386", "reason": "用户手动修正", "score": null, "matched_name": "019386"}
{"time": "2026-09-04 14:45:42", "event": "user_fix", "query": "011609", "fund_code": "011609", "reason": "用户手动修正", "score": null, "matched_name": "011609"}
{"time": "2026-09-04 14:45:42", "event": "user_fix", "query": "011611", "fund_code": "011611", "reason": "用户手动修正", "score": null, "matched_name": "011611"}
{"time": "2026-09-04 14:45:42", "event": "user_fix", "query": "011608", "fund_code": "011608", "reason": "用户手动修正", "score": null, "matched_name": "011608"}
{"time": "2026-09-04 14:45:42", "event": "user_fix", "query": "013811", "fund_code": "013811", "reason": "用户手动修正", "score": null, "matched_name": "013811"}
{"time": "2026-09-04 14:45:42", "event": "user_fix", "query": "018178", "fund_code": "018178", "reason": "用户手动修正", "score": null, "matched_name": "018178"}
{"time": "2026-09-04 14:45:42", "event": "user_fix", "query": "019768", "fund_code": "019768", "reason": "用户手动修正", "score": null, "matched_name": "019768"}
{"time": "2026-09-04 14:45:42", "event": "user_fix", "query": "021485", "fund_code": "021485", "reason": "用户手动修正", "score": null, "matched_name": "021485"}
{"time": "2026-09-04 14:45:42", "event": "user_fix", "query": "011615", "fund_code": "011615", "reason": "用户手动修正", "score": null, "matched_name": "011615"}
{"time": "2026-09-04 14:45:42", "event": "user_fix", "query": "024606", "fund_code": "024606", "reason": "用户手动修正", "score": null, "matched_name": "024606"}
{"time": "2026-09-04 14:45:42", "event": "user_fix", "query": "022729", "fund_code": "022729", "reason": "用户手动修正", "score": null, "matched_name": "022729"}
{"time": "2026-09-04 14:45:42", "event": "user_fix", "query": "011613", "fund_code": "011613", "reason": "用户手动修正", "score": null, "matched_name": "011613"}
{"time": "2026-09-04 14:45:42", "event": "user_fix", "query": "025028", "fund_code": "025028", "reason": "用户手动修正", "score": null, "matched_name": "025028"}
{"time": "2026-09-04 14:45:42", "event": "user_fix", "query": "025365", "fund_code": "025365", "reason": "用户手动修正", "score": null, "matched_name": "025365"}
{"time": "2026-09-04 14:45:42", "event": "user_fix", "query": "023909", "fund_code": "023909", "reason": "用户手动修正", "score": null, "matched_name": "023909"}
{"time": "2026-09-04 14:45:42", "event": "user_fix", "query": "023680", "fund_code": "023680", "reason": "用户手动修正", "score": null, "matched_name": "023680"}
{"time": "2026-09-04 14:45:42", "event": "user_fix", "query": "026164", "fund_code": "026164", "reason": "用户手动修正", "score": null, "matched_name": "026164"}
{"time": "2026-09-04 14:45:42", "event": "user_fix", "query": "023999", "fund_code": "023999", "reason": "用户手动修正", "score": null, "matched_name": "023999"}
{"time": "2026-09-04 14:45:42", "event": "user_fix", "query": "024185", "fund_code": "024185", "reason": "用户手动修正", "score": null, "matched_name": "024185"}
{"time": "2026-09-04 14:45:42", "event": "user_fix", "query": "020292", "fund_code": "020292", "reason": "用户手动修正", "score": null, "matched_name": "020292"}
{"time": "2026-09-04 14:45:42", "event": "user_fix", "query": "019862", "fund_code": "019862", "reason": "用户手动修正", "score": null, "matched_name": "019862"}
{"time": "2026-09-04 14:45:42", "event": "user_fix", "query": "023896", "fund_code": "023896", "reason": "用户手动修正", "score": null, "matched_name": "023896"}
{"time": "2026-09-04 14:45:42", "event": "user_fix", "query": "021386", "fund_code": "021386", "reason": "用户手动修正", "score": null, "matched_name": "021386"}
{"time": "2026-09-04 14:45:42", "event": "user_fix", "query": "019860", "fund_code": "019860", "reason": "用户手动修正", "score": null, "matched_name": "019860"}
{"time": "2026-09-04 14:45:42", "event": "user_fix", "query": "026419", "fund_code": "026419", "reason": "用户手动修正", "score": null, "matched_name": "026419"}
{"time": "2026-09-04 14:45:42", "event": "user_fix", "query": "010647", "fund_code": "010647", "reason": "用户手动修正", "score": null, "matched_name": "010647"}
{"time": "2026-09-04 14:45:42", "event": "user_fix", "query": "020684", "fund_code": "020684", "reason": "用户手动修正", "score": null, "matched_name": "020684"}
{"time": "2026-09-04 14:45:42", "event": "user_fix", "query": "026117", "fund_code": "026117", "reason": "用户手动修正", "score": null, "matched_name": "026117"}
{"time": "2026-09-04 14:45:42", "event": "user_fix", "query": "023383", "fund_code": "023383", "reason": "用户手动修正", "score": null, "matched_name": "023383"}
{"time": "2026-09-04 14:45:42", "event": "user_fix", "query": "501078", "fund_code": "501078", "reason": "用户手动修正", "score": null, "matched_name": "501078"}
{"time": "2026-09-04 14:45:42", "event": "user_fix", "query": "019786", "fund_code": "019786", "reason": "用户手动修正", "score": null, "matched_name": "019786"}
{"time": "2026-09-04 14:45:42", "event": "user_fix", "query": "023421", "fund_code": "023421", "reason": "用户手动修正", "score": null, "matched_name": "023421"}
{"time": "2026-09-04 14:45:42", "event": "user_fix", "query": "022718", "fund_code": "022718", "reason": "用户手动修正", "score": null, "matched_name": "022718"}
{"time": "2026-09-04 14:45:42", "event": "user_fix", "query": "011241", "fund_code": "011241", "reason": "用户手动修正", "score": null, "matched_name": "011241"}
{"time": "2026-09-04 14:45:42", "event": "user_fix", "query": "025209", "fund_code": "025209", "reason": "用户手动修正", "score": null, "matched_name": "025209"}
{"time": "2026-09-04 14:45:42", "event": "user_fix", "query": "025500", "fund_code": "025500", "reason": "用户手动修正", "score": null, "matched_name": "025500"}
{"time": "2026-09-04 14:45:42", "event": "user_fix", "query": "026079", "fund_code": "026079", "reason": "用户手动修正", "score": null, "matched_name": "026079"}
{"time": "2026-09-04 14:45:42", "event": "user_fix", "query": "501096", "fund_code": "501096", "reason": "用户手动修正", "score": null, "matched_name": "501096"}
{"time": "2026-09-04 14:45:42", "event": "user_fix", "query": "018816", "fund_code": "018816", "reason": "用户手动修正", "score": null, "matched_name": "018816"}
{"time": "2026-09-04 14:54:50", "event": "resolve_fail", "query": "", "fund_code": "", "reason": "标识为空", "score": 0.0, "matched_name": ""}
{"time": "2026-09-04 14:54:50", "event": "resolve_fail", "query": "999998", "fund_code": "", "reason": "未找到该基金代码，请确认后手动输入", "score": 0.0, "matched_name": ""}
{"time": "2026-09-04 14:54:50", "event": "resolve_name", "query": "华夏国证半导体芯片ETF联接C", "fund_code": "008888", "reason": "名称高置信匹配", "score": 1.0, "matched_name": "华夏国证半导体芯片ETF联接C"}
{"time": "2026-09-04 14:55:31", "event": "resolve_fail", "query": "", "fund_code": "", "reason": "标识为空", "score": 0.0, "matched_name": ""}
{"time": "2026-09-04 14:55:31", "event": "resolve_fail", "query": "999998", "fund_code": "", "reason": "未找到该基金代码，请确认后手动输入", "score": 0.0, "matched_name": ""}
{"time": "2026-09-04 14:55:32", "event": "resolve_name", "query": "华夏国证半导体芯片ETF联接C", "fund_code": "008888", "reason": "名称高置信匹配", "score": 1.0, "matched_name": "华夏国证半导体芯片ETF联接C"}
{"time": "2026-09-04 14:58:00", "event": "resolve_code", "query": "021031", "fund_code": "021031", "reason": "按基金代码识别", "score": 1.0, "matched_name": "汇添富国证港股通创新药ETF发起式联接C"}
{"time": "2026-09-04 14:58:00", "event": "resolve_code", "query": "023930", "fund_code": "023930", "reason": "按基金代码识别", "score": 1.0, "matched_name": "银华国证港股通创新药ETF发起式联接C"}
{"time": "2026-09-04 14:58:00", "event": "resolve_code", "query": "024329", "fund_code": "024329", "reason": "按基金代码识别", "score": 1.0, "matched_name": "易方达恒生港股通创新药ETF联接发起式C"}
{"time": "2026-09-04 14:58:00", "event": "resolve_code", "query": "020398", "fund_code": "020398", "reason": "按基金代码识别", "score": 1.0, "matched_name": "中银港股通医药混合发起C"}
{"time": "2026-09-04 14:58:00", "event": "resolve_code", "query": "010500", "fund_code": "010500", "reason": "按基金代码识别", "score": 1.0, "matched_name": "中银创新医疗混合C"}
{"time": "2026-09-04 14:58:00", "event": "resolve_code", "query": "022150", "fund_code": "022150", "reason": "按基金代码识别", "score": 1.0, "matched_name": "诺安精选价值混合C"}
{"time": "2026-09-04 14:58:00", "event": "resolve_code", "query": "024358", "fund_code": "024358", "reason": "按基金代码识别", "score": 1.0, "matched_name": "东方阿尔法健康产业混合发起C"}
{"time": "2026-09-04 14:58:00", "event": "resolve_code", "query": "014842", "fund_code": "014842", "reason": "按基金代码识别", "score": 1.0, "matched_name": "东方阿尔法医疗健康混合发起C"}
{"time": "2026-09-04 14:58:00", "event": "resolve_code", "query": "020232", "fund_code": "020232", "reason": "按基金代码识别", "score": 1.0, "matched_name": "嘉实互融精选股票C"}
{"time": "2026-09-04 14:58:00", "event": "resolve_code", "query": "022302", "fund_code": "022302", "reason": "按基金代码识别", "score": 1.0, "matched_name": "安信医药创新股票型发起C"}
{"time": "2026-09-04 14:58:00", "event": "resolve_code", "query": "013038", "fund_code": "013038", "reason": "按基金代码识别", "score": 1.0, "matched_name": "长城大健康混合C"}
{"time": "2026-09-04 14:58:00", "event": "resolve_code", "query": "015916", "fund_code": "015916", "reason": "按基金代码识别", "score": 1.0, "matched_name": "永赢医药创新智选混合发起C"}
{"time": "2026-09-04 14:58:00", "event": "resolve_code", "query": "024380", "fund_code": "024380", "reason": "按基金代码识别", "score": 1.0, "matched_name": "平安港股通医疗创新精选混合C"}
{"time": "2026-09-04 14:58:00", "event": "resolve_code", "query": "019917", "fund_code": "019917", "reason": "按基金代码识别", "score": 1.0, "matched_name": "富国医药创新股票C"}
{"time": "2026-09-04 14:58:00", "event": "resolve_code", "query": "021089", "fund_code": "021089", "reason": "按基金代码识别", "score": 1.0, "matched_name": "鹏华中证港股通医药卫生ETF发起式联接C"}
{"time": "2026-09-04 14:58:00", "event": "resolve_code", "query": "016971", "fund_code": "016971", "reason": "按基金代码识别", "score": 1.0, "matched_name": "华夏恒生生物科技ETF发起式联接(QDII)C"}
{"time": "2026-09-04 14:58:00", "event": "resolve_code", "query": "019310", "fund_code": "019310", "reason": "按基金代码识别", "score": 1.0, "matched_name": "中航恒宇港股通价值优选混合发起C"}
{"time": "2026-09-04 14:58:00", "event": "resolve_code", "query": "012359", "fund_code": "012359", "reason": "按基金代码识别", "score": 1.0, "matched_name": "汇丰晋信医疗先锋混合C"}
{"time": "2026-09-04 14:58:00", "event": "resolve_code", "query": "019671", "fund_code": "019671", "reason": "按基金代码识别", "score": 1.0, "matched_name": "广发港股创新药ETF联接(QDII)C"}
{"time": "2026-09-04 14:58:00", "event": "resolve_code", "query": "018046", "fund_code": "018046", "reason": "按基金代码识别", "score": 1.0, "matched_name": "东方创新医疗股票C"}
{"time": "2026-09-04 14:58:00", "event": "resolve_code", "query": "010655", "fund_code": "010655", "reason": "按基金代码识别", "score": 1.0, "matched_name": "天弘医药创新C"}
{"time": "2026-09-04 14:58:00", "event": "resolve_code", "query": "023598", "fund_code": "023598", "reason": "按基金代码识别", "score": 1.0, "matched_name": "景顺长城中证港股通创新药ETF联接C"}
{"time": "2026-09-04 14:58:00", "event": "resolve_code", "query": "021760", "fund_code": "021760", "reason": "按基金代码识别", "score": 1.0, "matched_name": "中欧中证港股通创新药指数发起C"}
{"time": "2026-09-04 14:58:00", "event": "resolve_code", "query": "020459", "fund_code": "020459", "reason": "按基金代码识别", "score": 1.0, "matched_name": "平安医药精选股票C"}
{"time": "2026-09-04 14:58:00", "event": "resolve_code", "query": "024344", "fund_code": "024344", "reason": "按基金代码识别", "score": 1.0, "matched_name": "汇添富创新医药混合C"}
{"time": "2026-09-04 14:58:00", "event": "resolve_code", "query": "020137", "fund_code": "020137", "reason": "按基金代码识别", "score": 1.0, "matched_name": "平安医疗健康混合C"}
{"time": "2026-09-04 14:58:00", "event": "resolve_code", "query": "020437", "fund_code": "020437", "reason": "按基金代码识别", "score": 1.0, "matched_name": "宝盈医疗健康沪港深股票C"}
{"time": "2026-09-04 14:58:00", "event": "resolve_code", "query": "022691", "fund_code": "022691", "reason": "按基金代码识别", "score": 1.0, "matched_name": "华安医药生物股票发起式C"}
{"time": "2026-09-04 14:58:00", "event": "resolve_code", "query": "019621", "fund_code": "019621", "reason": "按基金代码识别", "score": 1.0, "matched_name": "汇安行业优选混合C"}
{"time": "2026-09-04 14:58:00", "event": "resolve_code", "query": "006003", "fund_code": "006003", "reason": "按基金代码识别", "score": 1.0, "matched_name": "工银医药健康股票C"}
{"time": "2026-09-04 14:58:00", "event": "resolve_code", "query": "015033", "fund_code": "015033", "reason": "按基金代码识别", "score": 1.0, "matched_name": "国联医药消费混合C"}
{"time": "2026-09-04 14:58:00", "event": "resolve_code", "query": "023394", "fund_code": "023394", "reason": "按基金代码识别", "score": 1.0, "matched_name": "宝盈创新医疗混合发起式C"}
{"time": "2026-09-04 14:58:00", "event": "resolve_code", "query": "010394", "fund_code": "010394", "reason": "按基金代码识别", "score": 1.0, "matched_name": "工银健康生活混合C"}
{"time": "2026-09-04 14:58:00", "event": "resolve_code", "query": "018529", "fund_code": "018529", "reason": "按基金代码识别", "score": 1.0, "matched_name": "华宝大健康混合C"}
{"time": "2026-09-04 14:58:00", "event": "resolve_code", "query": "006721", "fund_code": "006721", "reason": "按基金代码识别", "score": 1.0, "matched_name": "平安核心优势混合C"}
{"time": "2026-09-04 14:58:00", "event": "resolve_code", "query": "022287", "fund_code": "022287", "reason": "按基金代码识别", "score": 1.0, "matched_name": "长城医药产业精选混合发起式C"}
{"time": "2026-09-04 14:58:00", "event": "resolve_code", "query": "006229", "fund_code": "006229", "reason": "按基金代码识别", "score": 1.0, "matched_name": "中欧医疗创新股票C"}
{"time": "2026-09-04 14:58:00", "event": "resolve_code", "query": "018076", "fund_code": "018076", "reason": "按基金代码识别", "score": 1.0, "matched_name": "光大健康优加混合C"}
{"time": "2026-09-04 14:58:00", "event": "resolve_code", "query": "025023", "fund_code": "025023", "reason": "按基金代码识别", "score": 1.0, "matched_name": "浦银医疗创新混合C"}
{"time": "2026-09-04 14:58:00", "event": "resolve_code", "query": "014118", "fund_code": "014118", "reason": "按基金代码识别", "score": 1.0, "matched_name": "国泰创新药ETF联接C"}
{"time": "2026-09-04 14:58:00", "event": "resolve_code", "query": "010710", "fund_code": "010710", "reason": "按基金代码识别", "score": 1.0, "matched_name": "安信医药健康股票C"}
{"time": "2026-09-04 14:58:00", "event": "resolve_code", "query": "022082", "fund_code": "022082", "reason": "按基金代码识别", "score": 1.0, "matched_name": "景顺长城医疗产业股票C"}
{"time": "2026-09-04 14:58:00", "event": "resolve_code", "query": "013357", "fund_code": "013357", "reason": "按基金代码识别", "score": 1.0, "matched_name": "大摩沪港深精选混合C"}
{"time": "2026-09-04 14:58:00", "event": "resolve_code", "query": "015053", "fund_code": "015053", "reason": "按基金代码识别", "score": 1.0, "matched_name": "东方红医疗升级股票发起C"}
{"time": "2026-09-04 14:58:00", "event": "resolve_code", "query": "014115", "fund_code": "014115", "reason": "按基金代码识别", "score": 1.0, "matched_name": "广发沪港深医药混合C"}
{"time": "2026-09-04 14:58:00", "event": "resolve_code", "query": "015171", "fund_code": "015171", "reason": "按基金代码识别", "score": 1.0, "matched_name": "申万菱信医药先锋股票C"}
{"time": "2026-09-04 14:58:00", "event": "resolve_code", "query": "006241", "fund_code": "006241", "reason": "按基金代码识别", "score": 1.0, "matched_name": "国联医疗健康混合C"}
{"time": "2026-09-04 14:58:00", "event": "resolve_code", "query": "018160", "fund_code": "018160", "reason": "按基金代码识别", "score": 1.0, "matched_name": "国泰创新医疗混合发起C"}
{"time": "2026-09-04 14:58:00", "event": "resolve_code", "query": "020559", "fund_code": "020559", "reason": "按基金代码识别", "score": 1.0, "matched_name": "工银健康产业混合C"}
{"time": "2026-09-04 14:58:01", "event": "resolve_code", "query": "027050", "fund_code": "027050", "reason": "按基金代码识别", "score": 1.0, "matched_name": "融通医疗创新臻选混合C"}
{"time": "2026-09-04 14:58:01", "event": "resolve_code", "query": "019346", "fund_code": "019346", "reason": "按基金代码识别", "score": 1.0, "matched_name": "交银医疗健康混合发起C"}
{"time": "2026-09-04 14:58:01", "event": "resolve_code", "query": "013941", "fund_code": "013941", "reason": "按基金代码识别", "score": 1.0, "matched_name": "东吴医疗服务股票C"}
{"time": "2026-09-04 14:58:01", "event": "resolve_code", "query": "008924", "fund_code": "008924", "reason": "按基金代码识别", "score": 1.0, "matched_name": "建信医疗健康行业股票C"}
{"time": "2026-09-04 14:58:01", "event": "resolve_code", "query": "015066", "fund_code": "015066", "reason": "按基金代码识别", "score": 1.0, "matched_name": "华夏逸享健康混合C"}
{"time": "2026-09-04 14:58:01", "event": "resolve_code", "query": "013483", "fund_code": "013483", "reason": "按基金代码识别", "score": 1.0, "matched_name": "华安医疗创新混合C"}
{"time": "2026-09-04 14:58:01", "event": "resolve_code", "query": "013957", "fund_code": "013957", "reason": "按基金代码识别", "score": 1.0, "matched_name": "华商医药消费精选混合C"}
{"time": "2026-09-04 14:58:01", "event": "resolve_code", "query": "010321", "fund_code": "010321", "reason": "按基金代码识别", "score": 1.0, "matched_name": "中银大健康股票C"}
{"time": "2026-09-04 14:58:01", "event": "resolve_code", "query": "027046", "fund_code": "027046", "reason": "按基金代码识别", "score": 1.0, "matched_name": "弘毅远方医疗创新混合C"}
{"time": "2026-09-04 14:58:01", "event": "resolve_code", "query": "013349", "fund_code": "013349", "reason": "按基金代码识别", "score": 1.0, "matched_name": "创金合信大健康混合C"}
{"time": "2026-09-04 14:58:01", "event": "resolve_code", "query": "007553", "fund_code": "007553", "reason": "按基金代码识别", "score": 1.0, "matched_name": "中信建投医改混合C"}
{"time": "2026-09-04 14:58:01", "event": "resolve_code", "query": "010159", "fund_code": "010159", "reason": "按基金代码识别", "score": 1.0, "matched_name": "中银医疗保健混合C"}
{"time": "2026-09-04 14:58:01", "event": "resolve_code", "query": "021309", "fund_code": "021309", "reason": "按基金代码识别", "score": 1.0, "matched_name": "鹏华创新医药混合C"}
{"time": "2026-09-04 14:58:01", "event": "resolve_code", "query": "015121", "fund_code": "015121", "reason": "按基金代码识别", "score": 1.0, "matched_name": "汇添富医疗服务灵活配置混合C"}
{"time": "2026-09-04 14:58:01", "event": "resolve_code", "query": "002165", "fund_code": "002165", "reason": "按基金代码识别", "score": 1.0, "matched_name": "汇添富达欣混合C"}
{"time": "2026-09-04 14:58:01", "event": "resolve_code", "query": "010091", "fund_code": "010091", "reason": "按基金代码识别", "score": 1.0, "matched_name": "中信建投医药健康C"}
{"time": "2026-09-04 14:58:01", "event": "resolve_code", "query": "018209", "fund_code": "018209", "reason": "按基金代码识别", "score": 1.0, "matched_name": "富国精准医疗混合C"}
{"time": "2026-09-04 14:58:01", "event": "resolve_code", "query": "019029", "fund_code": "019029", "reason": "按基金代码识别", "score": 1.0, "matched_name": "华宝医药生物混合C"}
{"time": "2026-09-04 14:58:01", "event": "resolve_code", "query": "010685", "fund_code": "010685", "reason": "按基金代码识别", "score": 1.0, "matched_name": "工银前沿医疗股票C"}
{"time": "2026-09-04 14:58:01", "event": "resolve_code", "query": "007862", "fund_code": "007862", "reason": "按基金代码识别", "score": 1.0, "matched_name": "金元顺安医疗健康混合C"}
{"time": "2026-09-04 14:58:01", "event": "resolve_code", "query": "015562", "fund_code": "015562", "reason": "按基金代码识别", "score": 1.0, "matched_name": "长城医疗保健混合C"}
{"time": "2026-09-04 14:58:01", "event": "resolve_code", "query": "010031", "fund_code": "010031", "reason": "按基金代码识别", "score": 1.0, "matched_name": "华泰柏瑞生物医药混合C"}
{"time": "2026-09-04 14:58:01", "event": "resolve_code", "query": "014933", "fund_code": "014933", "reason": "按基金代码识别", "score": 1.0, "matched_name": "南方医药保健混合C"}
{"time": "2026-09-04 14:58:01", "event": "resolve_code", "query": "012738", "fund_code": "012738", "reason": "按基金代码识别", "score": 1.0, "matched_name": "广发创新药ETF联接C"}
{"time": "2026-09-04 14:58:01", "event": "resolve_code", "query": "012782", "fund_code": "012782", "reason": "按基金代码识别", "score": 1.0, "matched_name": "银华中证创新药产业ETF发起式联接C"}
{"time": "2026-09-04 14:58:01", "event": "resolve_code", "query": "021098", "fund_code": "021098", "reason": "按基金代码识别", "score": 1.0, "matched_name": "南方中证创新药产业ETF发起联接C"}
{"time": "2026-09-04 14:58:01", "event": "resolve_code", "query": "021293", "fund_code": "021293", "reason": "按基金代码识别", "score": 1.0, "matched_name": "鹏华国证疫苗与生物科技ETF发起式联接C"}
{"time": "2026-09-04 14:58:01", "event": "resolve_code", "query": "013073", "fund_code": "013073", "reason": "按基金代码识别", "score": 1.0, "matched_name": "泰信医疗服务混合发起式C"}
{"time": "2026-09-04 14:58:01", "event": "resolve_code", "query": "011082", "fund_code": "011082", "reason": "按基金代码识别", "score": 1.0, "matched_name": "国投瑞银医疗保健混合C"}
{"time": "2026-09-04 14:58:01", "event": "resolve_code", "query": "003231", "fund_code": "003231", "reason": "按基金代码识别", "score": 1.0, "matched_name": "创金合信医疗保健股票C"}
{"time": "2026-09-04 14:58:01", "event": "resolve_code", "query": "022853", "fund_code": "022853", "reason": "按基金代码识别", "score": 1.0, "matched_name": "中航优选领航混合发起C"}
{"time": "2026-09-04 14:58:01", "event": "resolve_code", "query": "002938", "fund_code": "002938", "reason": "按基金代码识别", "score": 1.0, "matched_name": "中银证券健康产业混合"}
{"time": "2026-09-04 14:58:01", "event": "resolve_code", "query": "020143", "fund_code": "020143", "reason": "按基金代码识别", "score": 1.0, "matched_name": "路博迈中国医疗健康股票发起C"}
{"time": "2026-09-04 14:58:01", "event": "resolve_code", "query": "004041", "fund_code": "004041", "reason": "按基金代码识别", "score": 1.0, "matched_name": "金鹰医疗健康产业C"}
{"time": "2026-09-04 14:58:01", "event": "resolve_code", "query": "024819", "fund_code": "024819", "reason": "按基金代码识别", "score": 1.0, "matched_name": "中欧医药生物混合发起C"}
{"time": "2026-09-04 14:58:01", "event": "resolve_code", "query": "018009", "fund_code": "018009", "reason": "按基金代码识别", "score": 1.0, "matched_name": "长盛医疗量化股票C"}
{"time": "2026-09-04 14:58:01", "event": "resolve_code", "query": "019741", "fund_code": "019741", "reason": "按基金代码识别", "score": 1.0, "matched_name": "财通资管创新医药混合C"}
{"time": "2026-09-04 14:58:01", "event": "resolve_code", "query": "013183", "fund_code": "013183", "reason": "按基金代码识别", "score": 1.0, "matched_name": "浦银医疗健康混合C"}
{"time": "2026-09-04 14:58:01", "event": "resolve_code", "query": "011326", "fund_code": "011326", "reason": "按基金代码识别", "score": 1.0, "matched_name": "国泰医药健康股票C"}
{"time": "2026-09-04 14:58:01", "event": "resolve_code", "query": "018485", "fund_code": "018485", "reason": "按基金代码识别", "score": 1.0, "matched_name": "财通资管医疗保健混合C"}
{"time": "2026-09-04 14:58:01", "event": "resolve_code", "query": "017133", "fund_code": "017133", "reason": "按基金代码识别", "score": 1.0, "matched_name": "中银新能源产业股票C"}
{"time": "2026-09-04 14:58:01", "event": "resolve_code", "query": "017042", "fund_code": "017042", "reason": "按基金代码识别", "score": 1.0, "matched_name": "富国碳中和混合C"}
{"time": "2026-09-04 14:58:01", "event": "resolve_code", "query": "167002", "fund_code": "167002", "reason": "按基金代码识别", "score": 1.0, "matched_name": "平安鼎越混合(LOF)A"}
{"time": "2026-09-04 14:58:01", "event": "resolve_code", "query": "025857", "fund_code": "025857", "reason": "按基金代码识别", "score": 1.0, "matched_name": "华夏中证电网设备主题ETF发起式联接C"}
{"time": "2026-09-04 14:58:01", "event": "resolve_code", "query": "026681", "fund_code": "026681", "reason": "按基金代码识别", "score": 1.0, "matched_name": "永赢产业机遇智选混合发起C"}
{"time": "2026-09-04 14:58:01", "event": "resolve_code", "query": "023675", "fund_code": "023675", "reason": "按基金代码识别", "score": 1.0, "matched_name": "德邦新兴产业混合发起式C"}
{"time": "2026-09-04 14:58:01", "event": "resolve_code", "query": "023639", "fund_code": "023639", "reason": "按基金代码识别", "score": 1.0, "matched_name": "国泰A股电网设备ETF联接C"}
{"time": "2026-09-04 14:58:01", "event": "resolve_code", "query": "020425", "fund_code": "020425", "reason": "按基金代码识别", "score": 1.0, "matched_name": "方正富邦致盛混合C"}
{"time": "2026-09-04 14:58:01", "event": "resolve_code", "query": "016387", "fund_code": "016387", "reason": "按基金代码识别", "score": 1.0, "matched_name": "永赢低碳环保智选混合发起C"}
{"time": "2026-09-04 14:58:01", "event": "resolve_code", "query": "002164", "fund_code": "002164", "reason": "按基金代码识别", "score": 1.0, "matched_name": "汇添富新睿精选混合C"}
{"time": "2026-09-04 14:58:01", "event": "resolve_code", "query": "019411", "fund_code": "019411", "reason": "按基金代码识别", "score": 1.0, "matched_name": "南方数字经济混合C"}
{"time": "2026-09-04 14:58:01", "event": "resolve_code", "query": "018751", "fund_code": "018751", "reason": "按基金代码识别", "score": 1.0, "matched_name": "山证资管精选行业混合发起式C"}
{"time": "2026-09-04 14:58:01", "event": "resolve_code", "query": "002207", "fund_code": "002207", "reason": "按基金代码识别", "score": 1.0, "matched_name": "前海开源金银珠宝混合C"}
{"time": "2026-09-04 14:58:01", "event": "resolve_code", "query": "021075", "fund_code": "021075", "reason": "按基金代码识别", "score": 1.0, "matched_name": "华夏中证沪深港黄金产业股票ETF发起式联接C"}
{"time": "2026-09-04 14:58:01", "event": "resolve_code", "query": "001467", "fund_code": "001467", "reason": "按基金代码识别", "score": 1.0, "matched_name": "华富永鑫灵活配置混合C"}
{"time": "2026-09-04 14:58:01", "event": "resolve_code", "query": "025446", "fund_code": "025446", "reason": "按基金代码识别", "score": 1.0, "matched_name": "万家周期视野股票发起式C"}
{"time": "2026-09-04 14:58:02", "event": "resolve_code", "query": "021959", "fund_code": "021959", "reason": "按基金代码识别", "score": 1.0, "matched_name": "南方黄金股C"}
{"time": "2026-09-04 14:58:02", "event": "resolve_code", "query": "021874", "fund_code": "021874", "reason": "按基金代码识别", "score": 1.0, "matched_name": "中欧黄金股指数C"}
{"time": "2026-09-04 14:58:02", "event": "resolve_code", "query": "009394", "fund_code": "009394", "reason": "按基金代码识别", "score": 1.0, "matched_name": "银华同力精选混合"}
{"time": "2026-09-04 14:58:02", "event": "resolve_code", "query": "161810", "fund_code": "161810", "reason": "按基金代码识别", "score": 1.0, "matched_name": "银华内需精选混合(LOF)A"}
{"time": "2026-09-04 14:58:02", "event": "resolve_code", "query": "026834", "fund_code": "026834", "reason": "按基金代码识别", "score": 1.0, "matched_name": "诺安精选回报混合C"}
{"time": "2026-09-04 14:58:02", "event": "resolve_code", "query": "015790", "fund_code": "015790", "reason": "按基金代码识别", "score": 1.0, "matched_name": "永赢高端装备智选混合发起C"}
{"time": "2026-09-04 14:58:02", "event": "resolve_code", "query": "019144", "fund_code": "019144", "reason": "按基金代码识别", "score": 1.0, "matched_name": "东财景气驱动C"}
{"time": "2026-09-04 14:58:02", "event": "resolve_code", "query": "026385", "fund_code": "026385", "reason": "按基金代码识别", "score": 1.0, "matched_name": "中航甄选领航混合发起C"}
{"time": "2026-09-04 14:58:02", "event": "resolve_code", "query": "025647", "fund_code": "025647", "reason": "按基金代码识别", "score": 1.0, "matched_name": "平安高端装备混合发起式C"}
{"time": "2026-09-04 14:58:02", "event": "resolve_code", "query": "016848", "fund_code": "016848", "reason": "按基金代码识别", "score": 1.0, "matched_name": "中欧高端装备股票发起C"}
{"time": "2026-09-04 14:58:02", "event": "resolve_code", "query": "007046", "fund_code": "007046", "reason": "按基金代码识别", "score": 1.0, "matched_name": "方正富邦创新动力混合C"}
{"time": "2026-09-04 14:58:02", "event": "resolve_code", "query": "015839", "fund_code": "015839", "reason": "按基金代码识别", "score": 1.0, "matched_name": "广发招利混合C"}
{"time": "2026-09-04 14:58:02", "event": "resolve_code", "query": "018363", "fund_code": "018363", "reason": "按基金代码识别", "score": 1.0, "matched_name": "东方阿尔法瑞丰混合发起C"}
{"time": "2026-09-04 15:21:08", "event": "resolve_fail", "query": "", "fund_code": "", "reason": "标识为空", "score": 0.0, "matched_name": ""}
{"time": "2026-09-04 15:21:08", "event": "resolve_fail", "query": "999998", "fund_code": "", "reason": "未找到该基金代码，请确认后手动输入", "score": 0.0, "matched_name": ""}
{"time": "2026-09-04 15:21:09", "event": "resolve_name", "query": "华夏国证半导体芯片ETF联接C", "fund_code": "008888", "reason": "名称高置信匹配", "score": 1.0, "matched_name": "华夏国证半导体芯片ETF联接C"}
{"time": "2026-09-04 16:19:28", "event": "resolve_code", "query": "021031", "fund_code": "021031", "reason": "按基金代码识别", "score": 1.0, "matched_name": "汇添富国证港股通创新药ETF发起式联接C"}
{"time": "2026-09-04 16:19:28", "event": "resolve_code", "query": "023930", "fund_code": "023930", "reason": "按基金代码识别", "score": 1.0, "matched_name": "银华国证港股通创新药ETF发起式联接C"}
{"time": "2026-09-04 16:19:28", "event": "resolve_code", "query": "024329", "fund_code": "024329", "reason": "按基金代码识别", "score": 1.0, "matched_name": "易方达恒生港股通创新药ETF联接发起式C"}
{"time": "2026-09-04 16:19:28", "event": "resolve_code", "query": "020398", "fund_code": "020398", "reason": "按基金代码识别", "score": 1.0, "matched_name": "中银港股通医药混合发起C"}
{"time": "2026-09-04 16:19:28", "event": "resolve_code", "query": "010500", "fund_code": "010500", "reason": "按基金代码识别", "score": 1.0, "matched_name": "中银创新医疗混合C"}
{"time": "2026-09-04 16:19:28", "event": "resolve_code", "query": "022150", "fund_code": "022150", "reason": "按基金代码识别", "score": 1.0, "matched_name": "诺安精选价值混合C"}
{"time": "2026-09-04 16:19:28", "event": "resolve_code", "query": "024358", "fund_code": "024358", "reason": "按基金代码识别", "score": 1.0, "matched_name": "东方阿尔法健康产业混合发起C"}
{"time": "2026-09-04 16:19:28", "event": "resolve_code", "query": "014842", "fund_code": "014842", "reason": "按基金代码识别", "score": 1.0, "matched_name": "东方阿尔法医疗健康混合发起C"}
{"time": "2026-09-04 16:19:28", "event": "resolve_code", "query": "020232", "fund_code": "020232", "reason": "按基金代码识别", "score": 1.0, "matched_name": "嘉实互融精选股票C"}
{"time": "2026-09-04 16:19:28", "event": "resolve_code", "query": "022302", "fund_code": "022302", "reason": "按基金代码识别", "score": 1.0, "matched_name": "安信医药创新股票型发起C"}
{"time": "2026-09-04 16:19:28", "event": "resolve_code", "query": "013038", "fund_code": "013038", "reason": "按基金代码识别", "score": 1.0, "matched_name": "长城大健康混合C"}
{"time": "2026-09-04 16:19:28", "event": "resolve_code", "query": "015916", "fund_code": "015916", "reason": "按基金代码识别", "score": 1.0, "matched_name": "永赢医药创新智选混合发起C"}
{"time": "2026-09-04 16:19:28", "event": "resolve_code", "query": "024380", "fund_code": "024380", "reason": "按基金代码识别", "score": 1.0, "matched_name": "平安港股通医疗创新精选混合C"}
{"time": "2026-09-04 16:19:28", "event": "resolve_code", "query": "019917", "fund_code": "019917", "reason": "按基金代码识别", "score": 1.0, "matched_name": "富国医药创新股票C"}
{"time": "2026-09-04 16:19:28", "event": "resolve_code", "query": "021089", "fund_code": "021089", "reason": "按基金代码识别", "score": 1.0, "matched_name": "鹏华中证港股通医药卫生ETF发起式联接C"}
{"time": "2026-09-04 16:19:28", "event": "resolve_code", "query": "016971", "fund_code": "016971", "reason": "按基金代码识别", "score": 1.0, "matched_name": "华夏恒生生物科技ETF发起式联接(QDII)C"}
{"time": "2026-09-04 16:19:28", "event": "resolve_code", "query": "019310", "fund_code": "019310", "reason": "按基金代码识别", "score": 1.0, "matched_name": "中航恒宇港股通价值优选混合发起C"}
{"time": "2026-09-04 16:19:28", "event": "resolve_code", "query": "012359", "fund_code": "012359", "reason": "按基金代码识别", "score": 1.0, "matched_name": "汇丰晋信医疗先锋混合C"}
{"time": "2026-09-04 16:19:28", "event": "resolve_code", "query": "019671", "fund_code": "019671", "reason": "按基金代码识别", "score": 1.0, "matched_name": "广发港股创新药ETF联接(QDII)C"}
{"time": "2026-09-04 16:19:28", "event": "resolve_code", "query": "018046", "fund_code": "018046", "reason": "按基金代码识别", "score": 1.0, "matched_name": "东方创新医疗股票C"}
{"time": "2026-09-04 16:19:28", "event": "resolve_code", "query": "010655", "fund_code": "010655", "reason": "按基金代码识别", "score": 1.0, "matched_name": "天弘医药创新C"}
{"time": "2026-09-04 16:19:28", "event": "resolve_code", "query": "023598", "fund_code": "023598", "reason": "按基金代码识别", "score": 1.0, "matched_name": "景顺长城中证港股通创新药ETF联接C"}
{"time": "2026-09-04 16:19:28", "event": "resolve_code", "query": "021760", "fund_code": "021760", "reason": "按基金代码识别", "score": 1.0, "matched_name": "中欧中证港股通创新药指数发起C"}
{"time": "2026-09-04 16:19:28", "event": "resolve_code", "query": "020459", "fund_code": "020459", "reason": "按基金代码识别", "score": 1.0, "matched_name": "平安医药精选股票C"}
{"time": "2026-09-04 16:19:28", "event": "resolve_code", "query": "024344", "fund_code": "024344", "reason": "按基金代码识别", "score": 1.0, "matched_name": "汇添富创新医药混合C"}
{"time": "2026-09-04 16:19:28", "event": "resolve_code", "query": "020137", "fund_code": "020137", "reason": "按基金代码识别", "score": 1.0, "matched_name": "平安医疗健康混合C"}
{"time": "2026-09-04 16:19:28", "event": "resolve_code", "query": "020437", "fund_code": "020437", "reason": "按基金代码识别", "score": 1.0, "matched_name": "宝盈医疗健康沪港深股票C"}
{"time": "2026-09-04 16:19:28", "event": "resolve_code", "query": "022691", "fund_code": "022691", "reason": "按基金代码识别", "score": 1.0, "matched_name": "华安医药生物股票发起式C"}
{"time": "2026-09-04 16:19:28", "event": "resolve_code", "query": "019621", "fund_code": "019621", "reason": "按基金代码识别", "score": 1.0, "matched_name": "汇安行业优选混合C"}
{"time": "2026-09-04 16:19:28", "event": "resolve_code", "query": "006003", "fund_code": "006003", "reason": "按基金代码识别", "score": 1.0, "matched_name": "工银医药健康股票C"}
{"time": "2026-09-04 16:19:28", "event": "resolve_code", "query": "015033", "fund_code": "015033", "reason": "按基金代码识别", "score": 1.0, "matched_name": "国联医药消费混合C"}
{"time": "2026-09-04 16:19:28", "event": "resolve_code", "query": "023394", "fund_code": "023394", "reason": "按基金代码识别", "score": 1.0, "matched_name": "宝盈创新医疗混合发起式C"}
{"time": "2026-09-04 16:19:28", "event": "resolve_code", "query": "010394", "fund_code": "010394", "reason": "按基金代码识别", "score": 1.0, "matched_name": "工银健康生活混合C"}
{"time": "2026-09-04 16:19:28", "event": "resolve_code", "query": "018529", "fund_code": "018529", "reason": "按基金代码识别", "score": 1.0, "matched_name": "华宝大健康混合C"}
{"time": "2026-09-04 16:19:28", "event": "resolve_code", "query": "006721", "fund_code": "006721", "reason": "按基金代码识别", "score": 1.0, "matched_name": "平安核心优势混合C"}
{"time": "2026-09-04 16:19:28", "event": "resolve_code", "query": "022287", "fund_code": "022287", "reason": "按基金代码识别", "score": 1.0, "matched_name": "长城医药产业精选混合发起式C"}
{"time": "2026-09-04 16:19:28", "event": "resolve_code", "query": "006229", "fund_code": "006229", "reason": "按基金代码识别", "score": 1.0, "matched_name": "中欧医疗创新股票C"}
{"time": "2026-09-04 16:19:28", "event": "resolve_code", "query": "018076", "fund_code": "018076", "reason": "按基金代码识别", "score": 1.0, "matched_name": "光大健康优加混合C"}
{"time": "2026-09-04 16:19:28", "event": "resolve_code", "query": "025023", "fund_code": "025023", "reason": "按基金代码识别", "score": 1.0, "matched_name": "浦银医疗创新混合C"}
{"time": "2026-09-04 16:19:28", "event": "resolve_code", "query": "014118", "fund_code": "014118", "reason": "按基金代码识别", "score": 1.0, "matched_name": "国泰创新药ETF联接C"}
{"time": "2026-09-04 16:19:28", "event": "resolve_code", "query": "010710", "fund_code": "010710", "reason": "按基金代码识别", "score": 1.0, "matched_name": "安信医药健康股票C"}
{"time": "2026-09-04 16:19:28", "event": "resolve_code", "query": "022082", "fund_code": "022082", "reason": "按基金代码识别", "score": 1.0, "matched_name": "景顺长城医疗产业股票C"}
{"time": "2026-09-04 16:19:28", "event": "resolve_code", "query": "013357", "fund_code": "013357", "reason": "按基金代码识别", "score": 1.0, "matched_name": "大摩沪港深精选混合C"}
{"time": "2026-09-04 16:19:28", "event": "resolve_code", "query": "015053", "fund_code": "015053", "reason": "按基金代码识别", "score": 1.0, "matched_name": "东方红医疗升级股票发起C"}
{"time": "2026-09-04 16:19:29", "event": "resolve_code", "query": "014115", "fund_code": "014115", "reason": "按基金代码识别", "score": 1.0, "matched_name": "广发沪港深医药混合C"}
{"time": "2026-09-04 16:19:29", "event": "resolve_code", "query": "015171", "fund_code": "015171", "reason": "按基金代码识别", "score": 1.0, "matched_name": "申万菱信医药先锋股票C"}
{"time": "2026-09-04 16:19:29", "event": "resolve_code", "query": "006241", "fund_code": "006241", "reason": "按基金代码识别", "score": 1.0, "matched_name": "国联医疗健康混合C"}
{"time": "2026-09-04 16:19:29", "event": "resolve_code", "query": "018160", "fund_code": "018160", "reason": "按基金代码识别", "score": 1.0, "matched_name": "国泰创新医疗混合发起C"}
{"time": "2026-09-04 16:19:29", "event": "resolve_code", "query": "020559", "fund_code": "020559", "reason": "按基金代码识别", "score": 1.0, "matched_name": "工银健康产业混合C"}
{"time": "2026-09-04 16:19:29", "event": "resolve_code", "query": "027050", "fund_code": "027050", "reason": "按基金代码识别", "score": 1.0, "matched_name": "融通医疗创新臻选混合C"}
{"time": "2026-09-04 16:19:29", "event": "resolve_code", "query": "019346", "fund_code": "019346", "reason": "按基金代码识别", "score": 1.0, "matched_name": "交银医疗健康混合发起C"}
{"time": "2026-09-04 16:19:29", "event": "resolve_code", "query": "013941", "fund_code": "013941", "reason": "按基金代码识别", "score": 1.0, "matched_name": "东吴医疗服务股票C"}
{"time": "2026-09-04 16:19:29", "event": "resolve_code", "query": "008924", "fund_code": "008924", "reason": "按基金代码识别", "score": 1.0, "matched_name": "建信医疗健康行业股票C"}
{"time": "2026-09-04 16:19:29", "event": "resolve_code", "query": "015066", "fund_code": "015066", "reason": "按基金代码识别", "score": 1.0, "matched_name": "华夏逸享健康混合C"}
{"time": "2026-09-04 16:19:29", "event": "resolve_code", "query": "013483", "fund_code": "013483", "reason": "按基金代码识别", "score": 1.0, "matched_name": "华安医疗创新混合C"}
{"time": "2026-09-04 16:19:29", "event": "resolve_code", "query": "013957", "fund_code": "013957", "reason": "按基金代码识别", "score": 1.0, "matched_name": "华商医药消费精选混合C"}
{"time": "2026-09-04 16:19:29", "event": "resolve_code", "query": "010321", "fund_code": "010321", "reason": "按基金代码识别", "score": 1.0, "matched_name": "中银大健康股票C"}
{"time": "2026-09-04 16:19:29", "event": "resolve_code", "query": "027046", "fund_code": "027046", "reason": "按基金代码识别", "score": 1.0, "matched_name": "弘毅远方医疗创新混合C"}
{"time": "2026-09-04 16:19:29", "event": "resolve_code", "query": "013349", "fund_code": "013349", "reason": "按基金代码识别", "score": 1.0, "matched_name": "创金合信大健康混合C"}
{"time": "2026-09-04 16:19:29", "event": "resolve_code", "query": "007553", "fund_code": "007553", "reason": "按基金代码识别", "score": 1.0, "matched_name": "中信建投医改混合C"}
{"time": "2026-09-04 16:19:29", "event": "resolve_code", "query": "010159", "fund_code": "010159", "reason": "按基金代码识别", "score": 1.0, "matched_name": "中银医疗保健混合C"}
{"time": "2026-09-04 16:19:29", "event": "resolve_code", "query": "021309", "fund_code": "021309", "reason": "按基金代码识别", "score": 1.0, "matched_name": "鹏华创新医药混合C"}
{"time": "2026-09-04 16:19:29", "event": "resolve_code", "query": "015121", "fund_code": "015121", "reason": "按基金代码识别", "score": 1.0, "matched_name": "汇添富医疗服务灵活配置混合C"}
{"time": "2026-09-04 16:19:29", "event": "resolve_code", "query": "002165", "fund_code": "002165", "reason": "按基金代码识别", "score": 1.0, "matched_name": "汇添富达欣混合C"}
{"time": "2026-09-04 16:19:29", "event": "resolve_code", "query": "010091", "fund_code": "010091", "reason": "按基金代码识别", "score": 1.0, "matched_name": "中信建投医药健康C"}
{"time": "2026-09-04 16:19:29", "event": "resolve_code", "query": "018209", "fund_code": "018209", "reason": "按基金代码识别", "score": 1.0, "matched_name": "富国精准医疗混合C"}
{"time": "2026-09-04 16:19:29", "event": "resolve_code", "query": "019029", "fund_code": "019029", "reason": "按基金代码识别", "score": 1.0, "matched_name": "华宝医药生物混合C"}
{"time": "2026-09-04 16:19:29", "event": "resolve_code", "query": "010685", "fund_code": "010685", "reason": "按基金代码识别", "score": 1.0, "matched_name": "工银前沿医疗股票C"}
{"time": "2026-09-04 16:19:29", "event": "resolve_code", "query": "007862", "fund_code": "007862", "reason": "按基金代码识别", "score": 1.0, "matched_name": "金元顺安医疗健康混合C"}
{"time": "2026-09-04 16:19:29", "event": "resolve_code", "query": "015562", "fund_code": "015562", "reason": "按基金代码识别", "score": 1.0, "matched_name": "长城医疗保健混合C"}
{"time": "2026-09-04 16:19:29", "event": "resolve_code", "query": "010031", "fund_code": "010031", "reason": "按基金代码识别", "score": 1.0, "matched_name": "华泰柏瑞生物医药混合C"}
{"time": "2026-09-04 16:19:29", "event": "resolve_code", "query": "014933", "fund_code": "014933", "reason": "按基金代码识别", "score": 1.0, "matched_name": "南方医药保健混合C"}
{"time": "2026-09-04 16:19:29", "event": "resolve_code", "query": "012738", "fund_code": "012738", "reason": "按基金代码识别", "score": 1.0, "matched_name": "广发创新药ETF联接C"}
{"time": "2026-09-04 16:19:29", "event": "resolve_code", "query": "012782", "fund_code": "012782", "reason": "按基金代码识别", "score": 1.0, "matched_name": "银华中证创新药产业ETF发起式联接C"}
{"time": "2026-09-04 16:19:29", "event": "resolve_code", "query": "021098", "fund_code": "021098", "reason": "按基金代码识别", "score": 1.0, "matched_name": "南方中证创新药产业ETF发起联接C"}
{"time": "2026-09-04 16:19:29", "event": "resolve_code", "query": "021293", "fund_code": "021293", "reason": "按基金代码识别", "score": 1.0, "matched_name": "鹏华国证疫苗与生物科技ETF发起式联接C"}
{"time": "2026-09-04 16:19:29", "event": "resolve_code", "query": "013073", "fund_code": "013073", "reason": "按基金代码识别", "score": 1.0, "matched_name": "泰信医疗服务混合发起式C"}
{"time": "2026-09-04 16:19:29", "event": "resolve_code", "query": "011082", "fund_code": "011082", "reason": "按基金代码识别", "score": 1.0, "matched_name": "国投瑞银医疗保健混合C"}
{"time": "2026-09-04 16:19:29", "event": "resolve_code", "query": "003231", "fund_code": "003231", "reason": "按基金代码识别", "score": 1.0, "matched_name": "创金合信医疗保健股票C"}
{"time": "2026-09-04 16:19:29", "event": "resolve_code", "query": "022853", "fund_code": "022853", "reason": "按基金代码识别", "score": 1.0, "matched_name": "中航优选领航混合发起C"}
{"time": "2026-09-04 16:19:29", "event": "resolve_code", "query": "002938", "fund_code": "002938", "reason": "按基金代码识别", "score": 1.0, "matched_name": "中银证券健康产业混合"}
{"time": "2026-09-04 16:19:29", "event": "resolve_code", "query": "020143", "fund_code": "020143", "reason": "按基金代码识别", "score": 1.0, "matched_name": "路博迈中国医疗健康股票发起C"}
{"time": "2026-09-04 16:19:29", "event": "resolve_code", "query": "004041", "fund_code": "004041", "reason": "按基金代码识别", "score": 1.0, "matched_name": "金鹰医疗健康产业C"}
{"time": "2026-09-04 16:19:29", "event": "resolve_code", "query": "024819", "fund_code": "024819", "reason": "按基金代码识别", "score": 1.0, "matched_name": "中欧医药生物混合发起C"}
{"time": "2026-09-04 16:19:29", "event": "resolve_code", "query": "018009", "fund_code": "018009", "reason": "按基金代码识别", "score": 1.0, "matched_name": "长盛医疗量化股票C"}
{"time": "2026-09-04 16:19:29", "event": "resolve_code", "query": "019741", "fund_code": "019741", "reason": "按基金代码识别", "score": 1.0, "matched_name": "财通资管创新医药混合C"}
{"time": "2026-09-04 16:19:29", "event": "resolve_code", "query": "013183", "fund_code": "013183", "reason": "按基金代码识别", "score": 1.0, "matched_name": "浦银医疗健康混合C"}
{"time": "2026-09-04 16:19:29", "event": "resolve_code", "query": "011326", "fund_code": "011326", "reason": "按基金代码识别", "score": 1.0, "matched_name": "国泰医药健康股票C"}
{"time": "2026-09-04 16:19:29", "event": "resolve_code", "query": "018485", "fund_code": "018485", "reason": "按基金代码识别", "score": 1.0, "matched_name": "财通资管医疗保健混合C"}
{"time": "2026-09-04 16:19:29", "event": "resolve_code", "query": "017133", "fund_code": "017133", "reason": "按基金代码识别", "score": 1.0, "matched_name": "中银新能源产业股票C"}
{"time": "2026-09-04 16:19:29", "event": "resolve_code", "query": "017042", "fund_code": "017042", "reason": "按基金代码识别", "score": 1.0, "matched_name": "富国碳中和混合C"}
{"time": "2026-09-04 16:19:29", "event": "resolve_code", "query": "167002", "fund_code": "167002", "reason": "按基金代码识别", "score": 1.0, "matched_name": "平安鼎越混合(LOF)A"}
{"time": "2026-09-04 16:19:29", "event": "resolve_code", "query": "025857", "fund_code": "025857", "reason": "按基金代码识别", "score": 1.0, "matched_name": "华夏中证电网设备主题ETF发起式联接C"}
{"time": "2026-09-04 16:19:29", "event": "resolve_code", "query": "026681", "fund_code": "026681", "reason": "按基金代码识别", "score": 1.0, "matched_name": "永赢产业机遇智选混合发起C"}
{"time": "2026-09-04 16:19:29", "event": "resolve_code", "query": "023675", "fund_code": "023675", "reason": "按基金代码识别", "score": 1.0, "matched_name": "德邦新兴产业混合发起式C"}
{"time": "2026-09-04 16:19:29", "event": "resolve_code", "query": "023639", "fund_code": "023639", "reason": "按基金代码识别", "score": 1.0, "matched_name": "国泰A股电网设备ETF联接C"}
{"time": "2026-09-04 16:19:29", "event": "resolve_code", "query": "020425", "fund_code": "020425", "reason": "按基金代码识别", "score": 1.0, "matched_name": "方正富邦致盛混合C"}
{"time": "2026-09-04 16:19:29", "event": "resolve_code", "query": "016387", "fund_code": "016387", "reason": "按基金代码识别", "score": 1.0, "matched_name": "永赢低碳环保智选混合发起C"}
{"time": "2026-09-04 16:19:29", "event": "resolve_code", "query": "002164", "fund_code": "002164", "reason": "按基金代码识别", "score": 1.0, "matched_name": "汇添富新睿精选混合C"}
{"time": "2026-09-04 16:19:29", "event": "resolve_code", "query": "019411", "fund_code": "019411", "reason": "按基金代码识别", "score": 1.0, "matched_name": "南方数字经济混合C"}
{"time": "2026-09-04 16:19:29", "event": "resolve_code", "query": "018751", "fund_code": "018751", "reason": "按基金代码识别", "score": 1.0, "matched_name": "山证资管精选行业混合发起式C"}
{"time": "2026-09-04 16:19:29", "event": "resolve_code", "query": "002207", "fund_code": "002207", "reason": "按基金代码识别", "score": 1.0, "matched_name": "前海开源金银珠宝混合C"}
{"time": "2026-09-04 16:19:29", "event": "resolve_code", "query": "021075", "fund_code": "021075", "reason": "按基金代码识别", "score": 1.0, "matched_name": "华夏中证沪深港黄金产业股票ETF发起式联接C"}
{"time": "2026-09-04 16:19:29", "event": "resolve_code", "query": "001467", "fund_code": "001467", "reason": "按基金代码识别", "score": 1.0, "matched_name": "华富永鑫灵活配置混合C"}
{"time": "2026-09-04 16:19:29", "event": "resolve_code", "query": "025446", "fund_code": "025446", "reason": "按基金代码识别", "score": 1.0, "matched_name": "万家周期视野股票发起式C"}
{"time": "2026-09-04 16:19:29", "event": "resolve_code", "query": "021959", "fund_code": "021959", "reason": "按基金代码识别", "score": 1.0, "matched_name": "南方黄金股C"}
{"time": "2026-09-04 16:19:29", "event": "resolve_code", "query": "021874", "fund_code": "021874", "reason": "按基金代码识别", "score": 1.0, "matched_name": "中欧黄金股指数C"}
{"time": "2026-09-04 16:19:29", "event": "resolve_code", "query": "009394", "fund_code": "009394", "reason": "按基金代码识别", "score": 1.0, "matched_name": "银华同力精选混合"}
{"time": "2026-09-04 16:19:29", "event": "resolve_code", "query": "161810", "fund_code": "161810", "reason": "按基金代码识别", "score": 1.0, "matched_name": "银华内需精选混合(LOF)A"}
{"time": "2026-09-04 16:19:29", "event": "resolve_code", "query": "026834", "fund_code": "026834", "reason": "按基金代码识别", "score": 1.0, "matched_name": "诺安精选回报混合C"}
{"time": "2026-09-04 16:19:29", "event": "resolve_code", "query": "015790", "fund_code": "015790", "reason": "按基金代码识别", "score": 1.0, "matched_name": "永赢高端装备智选混合发起C"}
{"time": "2026-09-04 16:19:29", "event": "resolve_code", "query": "019144", "fund_code": "019144", "reason": "按基金代码识别", "score": 1.0, "matched_name": "东财景气驱动C"}
{"time": "2026-09-04 16:19:29", "event": "resolve_code", "query": "026385", "fund_code": "026385", "reason": "按基金代码识别", "score": 1.0, "matched_name": "中航甄选领航混合发起C"}
{"time": "2026-09-04 16:19:29", "event": "resolve_code", "query": "025647", "fund_code": "025647", "reason": "按基金代码识别", "score": 1.0, "matched_name": "平安高端装备混合发起式C"}
{"time": "2026-09-04 16:19:29", "event": "resolve_code", "query": "016848", "fund_code": "016848", "reason": "按基金代码识别", "score": 1.0, "matched_name": "中欧高端装备股票发起C"}
{"time": "2026-09-04 16:19:29", "event": "resolve_code", "query": "007046", "fund_code": "007046", "reason": "按基金代码识别", "score": 1.0, "matched_name": "方正富邦创新动力混合C"}
{"time": "2026-09-04 16:19:29", "event": "resolve_code", "query": "015839", "fund_code": "015839", "reason": "按基金代码识别", "score": 1.0, "matched_name": "广发招利混合C"}
{"time": "2026-09-04 16:19:29", "event": "resolve_code", "query": "018363", "fund_code": "018363", "reason": "按基金代码识别", "score": 1.0, "matched_name": "东方阿尔法瑞丰混合发起C"}
{"time": "2026-09-04 16:19:29", "event": "resolve_code", "query": "027467", "fund_code": "027467", "reason": "按基金代码识别", "score": 1.0, "matched_name": "华宝绿色领先股票C"}
{"time": "2026-09-04 16:19:29", "event": "resolve_code", "query": "290014", "fund_code": "290014", "reason": "按基金代码识别", "score": 1.0, "matched_name": "泰信现代服务业混合"}
{"time": "2026-09-04 16:19:29", "event": "resolve_code", "query": "290008", "fund_code": "290008", "reason": "按基金代码识别", "score": 1.0, "matched_name": "泰信发展主题混合"}
{"time": "2026-09-04 16:19:29", "event": "resolve_code", "query": "012710", "fund_code": "012710", "reason": "按基金代码识别", "score": 1.0, "matched_name": "华夏核心成长混合C"}
{"time": "2026-09-04 16:19:30", "event": "resolve_code", "query": "019235", "fund_code": "019235", "reason": "按基金代码识别", "score": 1.0, "matched_name": "华富策略精选混合C"}
{"time": "2026-09-04 16:19:30", "event": "resolve_code", "query": "025778", "fund_code": "025778", "reason": "按基金代码识别", "score": 1.0, "matched_name": "东方阿尔法瑞享混合发起C"}
{"time": "2026-09-04 16:19:30", "event": "resolve_code", "query": "022447", "fund_code": "022447", "reason": "按基金代码识别", "score": 1.0, "matched_name": "前海开源周期精选混合C"}
{"time": "2026-09-04 16:19:30", "event": "resolve_code", "query": "020705", "fund_code": "020705", "reason": "按基金代码识别", "score": 1.0, "matched_name": "南方中证通信服务ETF发起联接C"}
{"time": "2026-09-04 16:19:30", "event": "resolve_code", "query": "007818", "fund_code": "007818", "reason": "按基金代码识别", "score": 1.0, "matched_name": "国泰中证全指通信设备ETF联接C"}
{"time": "2026-09-04 16:19:30", "event": "resolve_code", "query": "020900", "fund_code": "020900", "reason": "按基金代码识别", "score": 1.0, "matched_name": "天弘中证全指通信设备指数发起C"}
{"time": "2026-09-04 16:19:30", "event": "resolve_code", "query": "020692", "fund_code": "020692", "reason": "按基金代码识别", "score": 1.0, "matched_name": "博时中证全指通信设备指数发起式C"}
{"time": "2026-09-04 16:19:30", "event": "resolve_code", "query": "021989", "fund_code": "021989", "reason": "按基金代码识别", "score": 1.0, "matched_name": "银河中证通信设备主题指数发起式C"}
{"time": "2026-09-04 16:19:30", "event": "resolve_code", "query": "019072", "fund_code": "019072", "reason": "按基金代码识别", "score": 1.0, "matched_name": "嘉实国证通信ETF发起联接C"}
{"time": "2026-09-04 16:19:30", "event": "resolve_code", "query": "019237", "fund_code": "019237", "reason": "按基金代码识别", "score": 1.0, "matched_name": "广发国证通信ETF发起式联接C"}
{"time": "2026-09-04 16:19:30", "event": "resolve_code", "query": "021934", "fund_code": "021934", "reason": "按基金代码识别", "score": 1.0, "matched_name": "富国中证通信设备主题ETF发起式联接C"}
{"time": "2026-09-04 16:19:30", "event": "resolve_code", "query": "018998", "fund_code": "018998", "reason": "按基金代码识别", "score": 1.0, "matched_name": "景顺长城研究精选股票C"}
{"time": "2026-09-04 16:19:30", "event": "resolve_code", "query": "020662", "fund_code": "020662", "reason": "按基金代码识别", "score": 1.0, "matched_name": "中加科技创新混合发起式C"}
{"time": "2026-09-04 16:19:30", "event": "resolve_code", "query": "014784", "fund_code": "014784", "reason": "按基金代码识别", "score": 1.0, "matched_name": "招商远见成长混合C"}
{"time": "2026-09-04 16:19:30", "event": "resolve_code", "query": "001407", "fund_code": "001407", "reason": "按基金代码识别", "score": 1.0, "matched_name": "景顺长城稳健回报混合C"}
{"time": "2026-09-04 16:19:30", "event": "resolve_code", "query": "008087", "fund_code": "008087", "reason": "按基金代码识别", "score": 1.0, "matched_name": "华夏中证5G通信主题ETF联接C"}
{"time": "2026-09-04 16:19:30", "event": "resolve_code", "query": "010524", "fund_code": "010524", "reason": "按基金代码识别", "score": 1.0, "matched_name": "银华中证5G通信主题ETF联接C"}
{"time": "2026-09-04 16:19:30", "event": "resolve_code", "query": "012224", "fund_code": "012224", "reason": "按基金代码识别", "score": 1.0, "matched_name": "信澳成长精选混合C"}
{"time": "2026-09-04 16:19:30", "event": "resolve_code", "query": "013384", "fund_code": "013384", "reason": "按基金代码识别", "score": 1.0, "matched_name": "恒生前海高端制造混合C"}
{"time": "2026-09-04 16:19:30", "event": "resolve_code", "query": "024477", "fund_code": "024477", "reason": "按基金代码识别", "score": 1.0, "matched_name": "南华科技创新混合发起C"}
{"time": "2026-09-04 16:19:30", "event": "resolve_code", "query": "009489", "fund_code": "009489", "reason": "按基金代码识别", "score": 1.0, "matched_name": "中邮价值精选混合C"}
{"time": "2026-09-04 16:19:30", "event": "resolve_code", "query": "026539", "fund_code": "026539", "reason": "按基金代码识别", "score": 1.0, "matched_name": "融通科技臻选混合发起式C"}
{"time": "2026-09-04 16:19:30", "event": "resolve_code", "query": "019830", "fund_code": "019830", "reason": "按基金代码识别", "score": 1.0, "matched_name": "华夏数字产业混合C"}
{"time": "2026-09-04 16:19:30", "event": "resolve_code", "query": "008327", "fund_code": "008327", "reason": "按基金代码识别", "score": 1.0, "matched_name": "东财通信C"}
{"time": "2026-09-04 16:19:30", "event": "resolve_code", "query": "002418", "fund_code": "002418", "reason": "按基金代码识别", "score": 1.0, "matched_name": "汇添富优选回报混合C"}
{"time": "2026-09-04 16:19:30", "event": "resolve_code", "query": "023095", "fund_code": "023095", "reason": "按基金代码识别", "score": 1.0, "matched_name": "中邮新思路灵活配置混合C"}
{"time": "2026-09-04 16:19:30", "event": "resolve_code", "query": "001608", "fund_code": "001608", "reason": "按基金代码识别", "score": 1.0, "matched_name": "英大策略优选C"}
{"time": "2026-09-04 16:19:30", "event": "resolve_code", "query": "026290", "fund_code": "026290", "reason": "按基金代码识别", "score": 1.0, "matched_name": "红土创新科技创新股票(LOF)C"}
{"time": "2026-09-04 16:19:30", "event": "resolve_code", "query": "023452", "fund_code": "023452", "reason": "按基金代码识别", "score": 1.0, "matched_name": "中欧信息科技混合发起C"}
{"time": "2026-09-04 16:19:30", "event": "resolve_code", "query": "025415", "fund_code": "025415", "reason": "按基金代码识别", "score": 1.0, "matched_name": "新华策略精选股票C"}
{"time": "2026-09-04 16:19:30", "event": "resolve_code", "query": "025759", "fund_code": "025759", "reason": "按基金代码识别", "score": 1.0, "matched_name": "华安新兴动力混合发起式C"}
{"time": "2026-09-04 16:19:30", "event": "resolve_code", "query": "519158", "fund_code": "519158", "reason": "按基金代码识别", "score": 1.0, "matched_name": "新华趋势领航混合"}
{"time": "2026-09-04 16:19:30", "event": "resolve_code", "query": "020699", "fund_code": "020699", "reason": "按基金代码识别", "score": 1.0, "matched_name": "国泰海通科创板量化选股股票发起C"}
{"time": "2026-09-04 16:19:30", "event": "resolve_code", "query": "019386", "fund_code": "019386", "reason": "按基金代码识别", "score": 1.0, "matched_name": "东财科创50C"}
{"time": "2026-09-04 16:19:30", "event": "resolve_code", "query": "011609", "fund_code": "011609", "reason": "按基金代码识别", "score": 1.0, "matched_name": "易方达上证科创50联接C"}
{"time": "2026-09-04 16:19:30", "event": "resolve_code", "query": "011611", "fund_code": "011611", "reason": "按基金代码识别", "score": 1.0, "matched_name": "华泰柏瑞上证科创板50成份ETF联接C"}
{"time": "2026-09-04 16:19:30", "event": "resolve_code", "query": "011608", "fund_code": "011608", "reason": "按基金代码识别", "score": 1.0, "matched_name": "易方达上证科创50联接A"}
{"time": "2026-09-04 16:19:30", "event": "resolve_code", "query": "013811", "fund_code": "013811", "reason": "按基金代码识别", "score": 1.0, "matched_name": "广发科创50ETF发起式联接C"}
{"time": "2026-09-04 16:19:30", "event": "resolve_code", "query": "018178", "fund_code": "018178", "reason": "按基金代码识别", "score": 1.0, "matched_name": "华夏科创50指数增强C"}
{"time": "2026-09-04 16:19:30", "event": "resolve_code", "query": "019768", "fund_code": "019768", "reason": "按基金代码识别", "score": 1.0, "matched_name": "景顺长城科创50指数增强C"}
{"time": "2026-09-04 16:19:30", "event": "resolve_code", "query": "021485", "fund_code": "021485", "reason": "按基金代码识别", "score": 1.0, "matched_name": "景顺长城上证科创板50成份ETF联接C"}
{"time": "2026-09-04 16:19:30", "event": "resolve_code", "query": "011615", "fund_code": "011615", "reason": "按基金代码识别", "score": 1.0, "matched_name": "工银科创50ETF联接C"}
{"time": "2026-09-04 16:19:30", "event": "resolve_code", "query": "024606", "fund_code": "024606", "reason": "按基金代码识别", "score": 1.0, "matched_name": "前海开源上证科创板50成份指数C"}
{"time": "2026-09-04 16:19:30", "event": "resolve_code", "query": "022729", "fund_code": "022729", "reason": "按基金代码识别", "score": 1.0, "matched_name": "中银上证科创板50ETF联接C"}
{"time": "2026-09-04 16:19:30", "event": "resolve_code", "query": "011613", "fund_code": "011613", "reason": "按基金代码识别", "score": 1.0, "matched_name": "华夏科创50ETF联接C"}
{"time": "2026-09-04 16:19:30", "event": "resolve_code", "query": "025028", "fund_code": "025028", "reason": "按基金代码识别", "score": 1.0, "matched_name": "东财科创50ETF联接C"}
{"time": "2026-09-04 16:19:30", "event": "resolve_code", "query": "025365", "fund_code": "025365", "reason": "按基金代码识别", "score": 1.0, "matched_name": "路博迈上证科创板综合价格指数增强C"}
{"time": "2026-09-04 16:19:30", "event": "resolve_code", "query": "023909", "fund_code": "023909", "reason": "按基金代码识别", "score": 1.0, "matched_name": "安信上证科创综指增强发起C"}
{"time": "2026-09-04 16:19:30", "event": "resolve_code", "query": "023680", "fund_code": "023680", "reason": "按基金代码识别", "score": 1.0, "matched_name": "格林上证科创板综合指数增强C"}
{"time": "2026-09-04 16:19:30", "event": "resolve_code", "query": "026164", "fund_code": "026164", "reason": "按基金代码识别", "score": 1.0, "matched_name": "英大上证科创板综合指数增强发起C"}
{"time": "2026-09-04 16:19:30", "event": "resolve_code", "query": "023999", "fund_code": "023999", "reason": "按基金代码识别", "score": 1.0, "matched_name": "易方达上证科创板综合增强C"}
{"time": "2026-09-04 16:19:30", "event": "resolve_code", "query": "024185", "fund_code": "024185", "reason": "按基金代码识别", "score": 1.0, "matched_name": "东财科创板综指C"}
{"time": "2026-09-04 16:19:30", "event": "resolve_code", "query": "020292", "fund_code": "020292", "reason": "按基金代码识别", "score": 1.0, "matched_name": "华夏科创100ETF联接C"}
{"time": "2026-09-04 16:19:30", "event": "resolve_code", "query": "019862", "fund_code": "019862", "reason": "按基金代码识别", "score": 1.0, "matched_name": "鹏华上证科创100ETF联接C"}
{"time": "2026-09-04 16:19:30", "event": "resolve_code", "query": "023896", "fund_code": "023896", "reason": "按基金代码识别", "score": 1.0, "matched_name": "天弘上证科创板综合指数增强C"}
{"time": "2026-09-04 16:19:30", "event": "resolve_code", "query": "021386", "fund_code": "021386", "reason": "按基金代码识别", "score": 1.0, "matched_name": "天弘上证科创板100指数增强发起C"}
{"time": "2026-09-04 16:19:30", "event": "resolve_code", "query": "019860", "fund_code": "019860", "reason": "按基金代码识别", "score": 1.0, "matched_name": "银华上证科创板100ETF联接C"}
{"time": "2026-09-04 16:19:30", "event": "resolve_code", "query": "026419", "fund_code": "026419", "reason": "按基金代码识别", "score": 1.0, "matched_name": "东财科创100指数C"}
{"time": "2026-09-04 16:19:30", "event": "resolve_code", "query": "010647", "fund_code": "010647", "reason": "按基金代码识别", "score": 1.0, "matched_name": "融通价值趋势混合C"}
{"time": "2026-09-04 16:19:30", "event": "resolve_code", "query": "020684", "fund_code": "020684", "reason": "按基金代码识别", "score": 1.0, "matched_name": "南方上证科创板100ETF联接C"}
{"time": "2026-09-04 16:19:30", "event": "resolve_code", "query": "026117", "fund_code": "026117", "reason": "按基金代码识别", "score": 1.0, "matched_name": "东财科创200A"}
{"time": "2026-09-04 16:19:30", "event": "resolve_code", "query": "023383", "fund_code": "023383", "reason": "按基金代码识别", "score": 1.0, "matched_name": "华泰柏瑞上证科创板200ETF发起式联接C"}
{"time": "2026-09-04 16:19:30", "event": "resolve_code", "query": "501078", "fund_code": "501078", "reason": "按基金代码识别", "score": 1.0, "matched_name": "广发科创主题灵活配置混合(LOF)"}
{"time": "2026-09-04 16:19:30", "event": "resolve_code", "query": "019786", "fund_code": "019786", "reason": "按基金代码识别", "score": 1.0, "matched_name": "广发上证科创板成长ETF发起式联接C"}
{"time": "2026-09-04 16:19:30", "event": "resolve_code", "query": "023421", "fund_code": "023421", "reason": "按基金代码识别", "score": 1.0, "matched_name": "永赢锐见先锋混合C"}
{"time": "2026-09-04 16:19:30", "event": "resolve_code", "query": "022718", "fund_code": "022718", "reason": "按基金代码识别", "score": 1.0, "matched_name": "永赢锐见进取混合C"}
{"time": "2026-09-04 16:19:30", "event": "resolve_code", "query": "011241", "fund_code": "011241", "reason": "按基金代码识别", "score": 1.0, "matched_name": "东吴双动力混合C"}
{"time": "2026-09-04 16:19:30", "event": "resolve_code", "query": "025209", "fund_code": "025209", "reason": "按基金代码识别", "score": 1.0, "matched_name": "永赢先锋半导体智选混合发起C"}
{"time": "2026-09-04 16:19:30", "event": "resolve_code", "query": "025500", "fund_code": "025500", "reason": "按基金代码识别", "score": 1.0, "matched_name": "东方阿尔法科技智选混合发起C"}
{"time": "2026-09-04 16:19:30", "event": "resolve_code", "query": "026079", "fund_code": "026079", "reason": "按基金代码识别", "score": 1.0, "matched_name": "中航卓越领航混合发起C"}
{"time": "2026-09-04 16:19:30", "event": "resolve_code", "query": "501096", "fund_code": "501096", "reason": "按基金代码识别", "score": 1.0, "matched_name": "国联安科创混合(LOF)"}
{"time": "2026-09-04 16:19:30", "event": "resolve_code", "query": "018816", "fund_code": "018816", "reason": "按基金代码识别", "score": 1.0, "matched_name": "方正富邦核心优势混合C"}
{"time": "2026-09-04 16:19:30", "event": "resolve_code", "query": "002112", "fund_code": "002112", "reason": "按基金代码识别", "score": 1.0, "matched_name": "德邦鑫星价值灵活配置混合C"}
{"time": "2026-09-04 16:19:30", "event": "resolve_code", "query": "012524", "fund_code": "012524", "reason": "按基金代码识别", "score": 1.0, "matched_name": "国联高质量成长混合C"}
{"time": "2026-09-04 16:19:30", "event": "resolve_code", "query": "022365", "fund_code": "022365", "reason": "按基金代码识别", "score": 1.0, "matched_name": "永赢科技智选混合发起C"}
{"time": "2026-09-04 16:19:31", "event": "resolve_code", "query": "020661", "fund_code": "020661", "reason": "按基金代码识别", "score": 1.0, "matched_name": "中加科技创新混合发起式A"}
{"time": "2026-09-04 16:19:31", "event": "resolve_code", "query": "017462", "fund_code": "017462", "reason": "按基金代码识别", "score": 1.0, "matched_name": "长城久祥混合C"}
{"time": "2026-09-04 16:19:31", "event": "user_fix", "query": "021031", "fund_code": "021031", "reason": "用户手动修正", "score": null, "matched_name": "汇添富国证港股通创新药ETF发起式联接C"}
{"time": "2026-09-04 16:19:31", "event": "user_fix", "query": "023930", "fund_code": "023930", "reason": "用户手动修正", "score": null, "matched_name": "银华国证港股通创新药ETF发起式联接C"}
{"time": "2026-09-04 16:19:31", "event": "user_fix", "query": "024329", "fund_code": "024329", "reason": "用户手动修正", "score": null, "matched_name": "易方达恒生港股通创新药ETF联接发起式C"}
{"time": "2026-09-04 16:19:31", "event": "user_fix", "query": "020398", "fund_code": "020398", "reason": "用户手动修正", "score": null, "matched_name": "中银港股通医药混合发起C"}
{"time": "2026-09-04 16:19:31", "event": "user_fix", "query": "010500", "fund_code": "010500", "reason": "用户手动修正", "score": null, "matched_name": "中银创新医疗混合C"}
{"time": "2026-09-04 16:19:31", "event": "user_fix", "query": "022150", "fund_code": "022150", "reason": "用户手动修正", "score": null, "matched_name": "诺安精选价值混合C"}
{"time": "2026-09-04 16:19:31", "event": "user_fix", "query": "024358", "fund_code": "024358", "reason": "用户手动修正", "score": null, "matched_name": "东方阿尔法健康产业混合发起C"}
{"time": "2026-09-04 16:19:31", "event": "user_fix", "query": "014842", "fund_code": "014842", "reason": "用户手动修正", "score": null, "matched_name": "东方阿尔法医疗健康混合发起C"}
{"time": "2026-09-04 16:19:31", "event": "user_fix", "query": "020232", "fund_code": "020232", "reason": "用户手动修正", "score": null, "matched_name": "嘉实互融精选股票C"}
{"time": "2026-09-04 16:19:31", "event": "user_fix", "query": "022302", "fund_code": "022302", "reason": "用户手动修正", "score": null, "matched_name": "安信医药创新股票型发起C"}
{"time": "2026-09-04 16:19:31", "event": "user_fix", "query": "013038", "fund_code": "013038", "reason": "用户手动修正", "score": null, "matched_name": "长城大健康混合C"}
{"time": "2026-09-04 16:19:31", "event": "user_fix", "query": "015916", "fund_code": "015916", "reason": "用户手动修正", "score": null, "matched_name": "永赢医药创新智选混合发起C"}
{"time": "2026-09-04 16:19:31", "event": "user_fix", "query": "024380", "fund_code": "024380", "reason": "用户手动修正", "score": null, "matched_name": "平安港股通医疗创新精选混合C"}
{"time": "2026-09-04 16:19:31", "event": "user_fix", "query": "019917", "fund_code": "019917", "reason": "用户手动修正", "score": null, "matched_name": "富国医药创新股票C"}
{"time": "2026-09-04 16:19:31", "event": "user_fix", "query": "021089", "fund_code": "021089", "reason": "用户手动修正", "score": null, "matched_name": "鹏华中证港股通医药卫生ETF发起式联接C"}
{"time": "2026-09-04 16:19:31", "event": "user_fix", "query": "016971", "fund_code": "016971", "reason": "用户手动修正", "score": null, "matched_name": "华夏恒生生物科技ETF发起式联接(QDII)C"}
{"time": "2026-09-04 16:19:31", "event": "user_fix", "query": "019310", "fund_code": "019310", "reason": "用户手动修正", "score": null, "matched_name": "中航恒宇港股通价值优选混合发起C"}
{"time": "2026-09-04 16:19:31", "event": "user_fix", "query": "012359", "fund_code": "012359", "reason": "用户手动修正", "score": null, "matched_name": "汇丰晋信医疗先锋混合C"}
{"time": "2026-09-04 16:19:31", "event": "user_fix", "query": "019671", "fund_code": "019671", "reason": "用户手动修正", "score": null, "matched_name": "广发港股创新药ETF联接(QDII)C"}
{"time": "2026-09-04 16:19:31", "event": "user_fix", "query": "018046", "fund_code": "018046", "reason": "用户手动修正", "score": null, "matched_name": "东方创新医疗股票C"}
{"time": "2026-09-04 16:19:31", "event": "user_fix", "query": "010655", "fund_code": "010655", "reason": "用户手动修正", "score": null, "matched_name": "天弘医药创新C"}
{"time": "2026-09-04 16:19:31", "event": "user_fix", "query": "023598", "fund_code": "023598", "reason": "用户手动修正", "score": null, "matched_name": "景顺长城中证港股通创新药ETF联接C"}
{"time": "2026-09-04 16:19:31", "event": "user_fix", "query": "021760", "fund_code": "021760", "reason": "用户手动修正", "score": null, "matched_name": "中欧中证港股通创新药指数发起C"}
{"time": "2026-09-04 16:19:31", "event": "user_fix", "query": "020459", "fund_code": "020459", "reason": "用户手动修正", "score": null, "matched_name": "平安医药精选股票C"}
{"time": "2026-09-04 16:19:31", "event": "user_fix", "query": "024344", "fund_code": "024344", "reason": "用户手动修正", "score": null, "matched_name": "汇添富创新医药混合C"}
{"time": "2026-09-04 16:19:31", "event": "user_fix", "query": "020137", "fund_code": "020137", "reason": "用户手动修正", "score": null, "matched_name": "平安医疗健康混合C"}
{"time": "2026-09-04 16:19:31", "event": "user_fix", "query": "020437", "fund_code": "020437", "reason": "用户手动修正", "score": null, "matched_name": "宝盈医疗健康沪港深股票C"}
{"time": "2026-09-04 16:19:31", "event": "user_fix", "query": "022691", "fund_code": "022691", "reason": "用户手动修正", "score": null, "matched_name": "华安医药生物股票发起式C"}
{"time": "2026-09-04 16:19:31", "event": "user_fix", "query": "019621", "fund_code": "019621", "reason": "用户手动修正", "score": null, "matched_name": "汇安行业优选混合C"}
{"time": "2026-09-04 16:19:31", "event": "user_fix", "query": "006003", "fund_code": "006003", "reason": "用户手动修正", "score": null, "matched_name": "工银医药健康股票C"}
{"time": "2026-09-04 16:19:31", "event": "user_fix", "query": "015033", "fund_code": "015033", "reason": "用户手动修正", "score": null, "matched_name": "国联医药消费混合C"}
{"time": "2026-09-04 16:19:31", "event": "user_fix", "query": "023394", "fund_code": "023394", "reason": "用户手动修正", "score": null, "matched_name": "宝盈创新医疗混合发起式C"}
{"time": "2026-09-04 16:19:31", "event": "user_fix", "query": "010394", "fund_code": "010394", "reason": "用户手动修正", "score": null, "matched_name": "工银健康生活混合C"}
{"time": "2026-09-04 16:19:31", "event": "user_fix", "query": "018529", "fund_code": "018529", "reason": "用户手动修正", "score": null, "matched_name": "华宝大健康混合C"}
{"time": "2026-09-04 16:19:31", "event": "user_fix", "query": "006721", "fund_code": "006721", "reason": "用户手动修正", "score": null, "matched_name": "平安核心优势混合C"}
{"time": "2026-09-04 16:19:31", "event": "user_fix", "query": "022287", "fund_code": "022287", "reason": "用户手动修正", "score": null, "matched_name": "长城医药产业精选混合发起式C"}
{"time": "2026-09-04 16:19:31", "event": "user_fix", "query": "006229", "fund_code": "006229", "reason": "用户手动修正", "score": null, "matched_name": "中欧医疗创新股票C"}
{"time": "2026-09-04 16:19:31", "event": "user_fix", "query": "018076", "fund_code": "018076", "reason": "用户手动修正", "score": null, "matched_name": "光大健康优加混合C"}
{"time": "2026-09-04 16:19:31", "event": "user_fix", "query": "025023", "fund_code": "025023", "reason": "用户手动修正", "score": null, "matched_name": "浦银医疗创新混合C"}
{"time": "2026-09-04 16:19:31", "event": "user_fix", "query": "014118", "fund_code": "014118", "reason": "用户手动修正", "score": null, "matched_name": "国泰创新药ETF联接C"}
{"time": "2026-09-04 16:19:31", "event": "user_fix", "query": "010710", "fund_code": "010710", "reason": "用户手动修正", "score": null, "matched_name": "安信医药健康股票C"}
{"time": "2026-09-04 16:19:31", "event": "user_fix", "query": "022082", "fund_code": "022082", "reason": "用户手动修正", "score": null, "matched_name": "景顺长城医疗产业股票C"}
{"time": "2026-09-04 16:19:31", "event": "user_fix", "query": "013357", "fund_code": "013357", "reason": "用户手动修正", "score": null, "matched_name": "大摩沪港深精选混合C"}
{"time": "2026-09-04 16:19:31", "event": "user_fix", "query": "015053", "fund_code": "015053", "reason": "用户手动修正", "score": null, "matched_name": "东方红医疗升级股票发起C"}
{"time": "2026-09-04 16:19:31", "event": "user_fix", "query": "014115", "fund_code": "014115", "reason": "用户手动修正", "score": null, "matched_name": "广发沪港深医药混合C"}
{"time": "2026-09-04 16:19:31", "event": "user_fix", "query": "015171", "fund_code": "015171", "reason": "用户手动修正", "score": null, "matched_name": "申万菱信医药先锋股票C"}
{"time": "2026-09-04 16:19:31", "event": "user_fix", "query": "006241", "fund_code": "006241", "reason": "用户手动修正", "score": null, "matched_name": "国联医疗健康混合C"}
{"time": "2026-09-04 16:19:31", "event": "user_fix", "query": "018160", "fund_code": "018160", "reason": "用户手动修正", "score": null, "matched_name": "国泰创新医疗混合发起C"}
{"time": "2026-09-04 16:19:31", "event": "user_fix", "query": "020559", "fund_code": "020559", "reason": "用户手动修正", "score": null, "matched_name": "工银健康产业混合C"}
{"time": "2026-09-04 16:19:31", "event": "user_fix", "query": "027050", "fund_code": "027050", "reason": "用户手动修正", "score": null, "matched_name": "融通医疗创新臻选混合C"}
{"time": "2026-09-04 16:19:31", "event": "user_fix", "query": "019346", "fund_code": "019346", "reason": "用户手动修正", "score": null, "matched_name": "交银医疗健康混合发起C"}
{"time": "2026-09-04 16:19:31", "event": "user_fix", "query": "013941", "fund_code": "013941", "reason": "用户手动修正", "score": null, "matched_name": "东吴医疗服务股票C"}
{"time": "2026-09-04 16:19:31", "event": "user_fix", "query": "008924", "fund_code": "008924", "reason": "用户手动修正", "score": null, "matched_name": "建信医疗健康行业股票C"}
{"time": "2026-09-04 16:19:31", "event": "user_fix", "query": "015066", "fund_code": "015066", "reason": "用户手动修正", "score": null, "matched_name": "华夏逸享健康混合C"}
{"time": "2026-09-04 16:19:31", "event": "user_fix", "query": "013483", "fund_code": "013483", "reason": "用户手动修正", "score": null, "matched_name": "华安医疗创新混合C"}
{"time": "2026-09-04 16:19:31", "event": "user_fix", "query": "013957", "fund_code": "013957", "reason": "用户手动修正", "score": null, "matched_name": "华商医药消费精选混合C"}
{"time": "2026-09-04 16:19:31", "event": "user_fix", "query": "010321", "fund_code": "010321", "reason": "用户手动修正", "score": null, "matched_name": "中银大健康股票C"}
{"time": "2026-09-04 16:19:31", "event": "user_fix", "query": "027046", "fund_code": "027046", "reason": "用户手动修正", "score": null, "matched_name": "弘毅远方医疗创新混合C"}
{"time": "2026-09-04 16:19:31", "event": "user_fix", "query": "013349", "fund_code": "013349", "reason": "用户手动修正", "score": null, "matched_name": "创金合信大健康混合C"}
{"time": "2026-09-04 16:19:31", "event": "user_fix", "query": "007553", "fund_code": "007553", "reason": "用户手动修正", "score": null, "matched_name": "中信建投医改混合C"}
{"time": "2026-09-04 16:19:31", "event": "user_fix", "query": "010159", "fund_code": "010159", "reason": "用户手动修正", "score": null, "matched_name": "中银医疗保健混合C"}
{"time": "2026-09-04 16:19:31", "event": "user_fix", "query": "021309", "fund_code": "021309", "reason": "用户手动修正", "score": null, "matched_name": "鹏华创新医药混合C"}
{"time": "2026-09-04 16:19:31", "event": "user_fix", "query": "015121", "fund_code": "015121", "reason": "用户手动修正", "score": null, "matched_name": "汇添富医疗服务灵活配置混合C"}
{"time": "2026-09-04 16:19:31", "event": "user_fix", "query": "002165", "fund_code": "002165", "reason": "用户手动修正", "score": null, "matched_name": "汇添富达欣混合C"}
{"time": "2026-09-04 16:19:31", "event": "user_fix", "query": "010091", "fund_code": "010091", "reason": "用户手动修正", "score": null, "matched_name": "中信建投医药健康C"}
{"time": "2026-09-04 16:19:31", "event": "user_fix", "query": "018209", "fund_code": "018209", "reason": "用户手动修正", "score": null, "matched_name": "富国精准医疗混合C"}
{"time": "2026-09-04 16:19:31", "event": "user_fix", "query": "019029", "fund_code": "019029", "reason": "用户手动修正", "score": null, "matched_name": "华宝医药生物混合C"}
{"time": "2026-09-04 16:19:31", "event": "user_fix", "query": "010685", "fund_code": "010685", "reason": "用户手动修正", "score": null, "matched_name": "工银前沿医疗股票C"}
{"time": "2026-09-04 16:19:31", "event": "user_fix", "query": "007862", "fund_code": "007862", "reason": "用户手动修正", "score": null, "matched_name": "金元顺安医疗健康混合C"}
{"time": "2026-09-04 16:19:31", "event": "user_fix", "query": "015562", "fund_code": "015562", "reason": "用户手动修正", "score": null, "matched_name": "长城医疗保健混合C"}
{"time": "2026-09-04 16:19:31", "event": "user_fix", "query": "010031", "fund_code": "010031", "reason": "用户手动修正", "score": null, "matched_name": "华泰柏瑞生物医药混合C"}
{"time": "2026-09-04 16:19:31", "event": "user_fix", "query": "014933", "fund_code": "014933", "reason": "用户手动修正", "score": null, "matched_name": "南方医药保健混合C"}
{"time": "2026-09-04 16:19:31", "event": "user_fix", "query": "012738", "fund_code": "012738", "reason": "用户手动修正", "score": null, "matched_name": "广发创新药ETF联接C"}
{"time": "2026-09-04 16:19:31", "event": "user_fix", "query": "012782", "fund_code": "012782", "reason": "用户手动修正", "score": null, "matched_name": "银华中证创新药产业ETF发起式联接C"}
{"time": "2026-09-04 16:19:31", "event": "user_fix", "query": "021098", "fund_code": "021098", "reason": "用户手动修正", "score": null, "matched_name": "南方中证创新药产业ETF发起联接C"}
{"time": "2026-09-04 16:19:31", "event": "user_fix", "query": "021293", "fund_code": "021293", "reason": "用户手动修正", "score": null, "matched_name": "鹏华国证疫苗与生物科技ETF发起式联接C"}
{"time": "2026-09-04 16:19:31", "event": "user_fix", "query": "013073", "fund_code": "013073", "reason": "用户手动修正", "score": null, "matched_name": "泰信医疗服务混合发起式C"}
{"time": "2026-09-04 16:19:31", "event": "user_fix", "query": "011082", "fund_code": "011082", "reason": "用户手动修正", "score": null, "matched_name": "国投瑞银医疗保健混合C"}
{"time": "2026-09-04 16:19:31", "event": "user_fix", "query": "003231", "fund_code": "003231", "reason": "用户手动修正", "score": null, "matched_name": "创金合信医疗保健股票C"}
{"time": "2026-09-04 16:19:31", "event": "user_fix", "query": "022853", "fund_code": "022853", "reason": "用户手动修正", "score": null, "matched_name": "中航优选领航混合发起C"}
{"time": "2026-09-04 16:19:31", "event": "user_fix", "query": "002938", "fund_code": "002938", "reason": "用户手动修正", "score": null, "matched_name": "中银证券健康产业混合"}
{"time": "2026-09-04 16:19:31", "event": "user_fix", "query": "020143", "fund_code": "020143", "reason": "用户手动修正", "score": null, "matched_name": "路博迈中国医疗健康股票发起C"}
{"time": "2026-09-04 16:19:31", "event": "user_fix", "query": "004041", "fund_code": "004041", "reason": "用户手动修正", "score": null, "matched_name": "金鹰医疗健康产业C"}
{"time": "2026-09-04 16:19:31", "event": "user_fix", "query": "024819", "fund_code": "024819", "reason": "用户手动修正", "score": null, "matched_name": "中欧医药生物混合发起C"}
{"time": "2026-09-04 16:19:31", "event": "user_fix", "query": "018009", "fund_code": "018009", "reason": "用户手动修正", "score": null, "matched_name": "长盛医疗量化股票C"}
{"time": "2026-09-04 16:19:31", "event": "user_fix", "query": "019741", "fund_code": "019741", "reason": "用户手动修正", "score": null, "matched_name": "财通资管创新医药混合C"}
{"time": "2026-09-04 16:19:31", "event": "user_fix", "query": "013183", "fund_code": "013183", "reason": "用户手动修正", "score": null, "matched_name": "浦银医疗健康混合C"}
{"time": "2026-09-04 16:19:31", "event": "user_fix", "query": "011326", "fund_code": "011326", "reason": "用户手动修正", "score": null, "matched_name": "国泰医药健康股票C"}
{"time": "2026-09-04 16:19:31", "event": "user_fix", "query": "018485", "fund_code": "018485", "reason": "用户手动修正", "score": null, "matched_name": "财通资管医疗保健混合C"}
{"time": "2026-09-04 16:19:31", "event": "user_fix", "query": "017133", "fund_code": "017133", "reason": "用户手动修正", "score": null, "matched_name": "中银新能源产业股票C"}
{"time": "2026-09-04 16:19:31", "event": "user_fix", "query": "017042", "fund_code": "017042", "reason": "用户手动修正", "score": null, "matched_name": "富国碳中和混合C"}
{"time": "2026-09-04 16:19:31", "event": "user_fix", "query": "167002", "fund_code": "167002", "reason": "用户手动修正", "score": null, "matched_name": "平安鼎越混合(LOF)A"}
{"time": "2026-09-04 16:19:31", "event": "user_fix", "query": "025857", "fund_code": "025857", "reason": "用户手动修正", "score": null, "matched_name": "华夏中证电网设备主题ETF发起式联接C"}
{"time": "2026-09-04 16:19:31", "event": "user_fix", "query": "026681", "fund_code": "026681", "reason": "用户手动修正", "score": null, "matched_name": "永赢产业机遇智选混合发起C"}
{"time": "2026-09-04 16:19:31", "event": "user_fix", "query": "023675", "fund_code": "023675", "reason": "用户手动修正", "score": null, "matched_name": "德邦新兴产业混合发起式C"}
{"time": "2026-09-04 16:19:31", "event": "user_fix", "query": "023639", "fund_code": "023639", "reason": "用户手动修正", "score": null, "matched_name": "国泰A股电网设备ETF联接C"}
{"time": "2026-09-04 16:19:31", "event": "user_fix", "query": "020425", "fund_code": "020425", "reason": "用户手动修正", "score": null, "matched_name": "方正富邦致盛混合C"}
{"time": "2026-09-04 16:19:31", "event": "user_fix", "query": "016387", "fund_code": "016387", "reason": "用户手动修正", "score": null, "matched_name": "永赢低碳环保智选混合发起C"}
{"time": "2026-09-04 16:19:31", "event": "user_fix", "query": "002164", "fund_code": "002164", "reason": "用户手动修正", "score": null, "matched_name": "汇添富新睿精选混合C"}
{"time": "2026-09-04 16:19:31", "event": "user_fix", "query": "019411", "fund_code": "019411", "reason": "用户手动修正", "score": null, "matched_name": "南方数字经济混合C"}
{"time": "2026-09-04 16:19:31", "event": "user_fix", "query": "018751", "fund_code": "018751", "reason": "用户手动修正", "score": null, "matched_name": "山证资管精选行业混合发起式C"}
{"time": "2026-09-04 16:19:31", "event": "user_fix", "query": "002207", "fund_code": "002207", "reason": "用户手动修正", "score": null, "matched_name": "前海开源金银珠宝混合C"}
{"time": "2026-09-04 16:19:31", "event": "user_fix", "query": "021075", "fund_code": "021075", "reason": "用户手动修正", "score": null, "matched_name": "华夏中证沪深港黄金产业股票ETF发起式联接C"}
{"time": "2026-09-04 16:19:31", "event": "user_fix", "query": "001467", "fund_code": "001467", "reason": "用户手动修正", "score": null, "matched_name": "华富永鑫灵活配置混合C"}
{"time": "2026-09-04 16:19:31", "event": "user_fix", "query": "025446", "fund_code": "025446", "reason": "用户手动修正", "score": null, "matched_name": "万家周期视野股票发起式C"}
{"time": "2026-09-04 16:19:31", "event": "user_fix", "query": "021959", "fund_code": "021959", "reason": "用户手动修正", "score": null, "matched_name": "南方黄金股C"}
{"time": "2026-09-04 16:19:31", "event": "user_fix", "query": "021874", "fund_code": "021874", "reason": "用户手动修正", "score": null, "matched_name": "中欧黄金股指数C"}
{"time": "2026-09-04 16:19:31", "event": "user_fix", "query": "009394", "fund_code": "009394", "reason": "用户手动修正", "score": null, "matched_name": "银华同力精选混合"}
{"time": "2026-09-04 16:19:31", "event": "user_fix", "query": "161810", "fund_code": "161810", "reason": "用户手动修正", "score": null, "matched_name": "银华内需精选混合(LOF)A"}
{"time": "2026-09-04 16:19:31", "event": "user_fix", "query": "026834", "fund_code": "026834", "reason": "用户手动修正", "score": null, "matched_name": "诺安精选回报混合C"}
{"time": "2026-09-04 16:19:31", "event": "user_fix", "query": "015790", "fund_code": "015790", "reason": "用户手动修正", "score": null, "matched_name": "永赢高端装备智选混合发起C"}
{"time": "2026-09-04 16:19:31", "event": "user_fix", "query": "019144", "fund_code": "019144", "reason": "用户手动修正", "score": null, "matched_name": "东财景气驱动C"}
{"time": "2026-09-04 16:19:31", "event": "user_fix", "query": "026385", "fund_code": "026385", "reason": "用户手动修正", "score": null, "matched_name": "中航甄选领航混合发起C"}
{"time": "2026-09-04 16:19:31", "event": "user_fix", "query": "025647", "fund_code": "025647", "reason": "用户手动修正", "score": null, "matched_name": "平安高端装备混合发起式C"}
{"time": "2026-09-04 16:19:31", "event": "user_fix", "query": "016848", "fund_code": "016848", "reason": "用户手动修正", "score": null, "matched_name": "中欧高端装备股票发起C"}
{"time": "2026-09-04 16:19:31", "event": "user_fix", "query": "007046", "fund_code": "007046", "reason": "用户手动修正", "score": null, "matched_name": "方正富邦创新动力混合C"}
{"time": "2026-09-04 16:19:31", "event": "user_fix", "query": "015839", "fund_code": "015839", "reason": "用户手动修正", "score": null, "matched_name": "广发招利混合C"}
{"time": "2026-09-04 16:19:31", "event": "user_fix", "query": "018363", "fund_code": "018363", "reason": "用户手动修正", "score": null, "matched_name": "东方阿尔法瑞丰混合发起C"}
{"time": "2026-09-04 16:19:31", "event": "user_fix", "query": "027467", "fund_code": "027467", "reason": "用户手动修正", "score": null, "matched_name": "华宝绿色领先股票C"}
{"time": "2026-09-04 16:19:31", "event": "user_fix", "query": "290014", "fund_code": "290014", "reason": "用户手动修正", "score": null, "matched_name": "泰信现代服务业混合"}
{"time": "2026-09-04 16:19:31", "event": "user_fix", "query": "290008", "fund_code": "290008", "reason": "用户手动修正", "score": null, "matched_name": "泰信发展主题混合"}
{"time": "2026-09-04 16:19:31", "event": "user_fix", "query": "012710", "fund_code": "012710", "reason": "用户手动修正", "score": null, "matched_name": "华夏核心成长混合C"}
{"time": "2026-09-04 16:19:31", "event": "user_fix", "query": "019235", "fund_code": "019235", "reason": "用户手动修正", "score": null, "matched_name": "华富策略精选混合C"}
{"time": "2026-09-04 16:19:31", "event": "user_fix", "query": "025778", "fund_code": "025778", "reason": "用户手动修正", "score": null, "matched_name": "东方阿尔法瑞享混合发起C"}
{"time": "2026-09-04 16:19:31", "event": "user_fix", "query": "022447", "fund_code": "022447", "reason": "用户手动修正", "score": null, "matched_name": "前海开源周期精选混合C"}
{"time": "2026-09-04 16:19:31", "event": "user_fix", "query": "020705", "fund_code": "020705", "reason": "用户手动修正", "score": null, "matched_name": "南方中证通信服务ETF发起联接C"}
{"time": "2026-09-04 16:19:31", "event": "user_fix", "query": "007818", "fund_code": "007818", "reason": "用户手动修正", "score": null, "matched_name": "国泰中证全指通信设备ETF联接C"}
{"time": "2026-09-04 16:19:31", "event": "user_fix", "query": "020900", "fund_code": "020900", "reason": "用户手动修正", "score": null, "matched_name": "天弘中证全指通信设备指数发起C"}
{"time": "2026-09-04 16:19:31", "event": "user_fix", "query": "020692", "fund_code": "020692", "reason": "用户手动修正", "score": null, "matched_name": "博时中证全指通信设备指数发起式C"}
{"time": "2026-09-04 16:19:31", "event": "user_fix", "query": "021989", "fund_code": "021989", "reason": "用户手动修正", "score": null, "matched_name": "银河中证通信设备主题指数发起式C"}
{"time": "2026-09-04 16:19:31", "event": "user_fix", "query": "019072", "fund_code": "019072", "reason": "用户手动修正", "score": null, "matched_name": "嘉实国证通信ETF发起联接C"}
{"time": "2026-09-04 16:19:31", "event": "user_fix", "query": "019237", "fund_code": "019237", "reason": "用户手动修正", "score": null, "matched_name": "广发国证通信ETF发起式联接C"}
{"time": "2026-09-04 16:19:31", "event": "user_fix", "query": "021934", "fund_code": "021934", "reason": "用户手动修正", "score": null, "matched_name": "富国中证通信设备主题ETF发起式联接C"}
{"time": "2026-09-04 16:19:31", "event": "user_fix", "query": "018998", "fund_code": "018998", "reason": "用户手动修正", "score": null, "matched_name": "景顺长城研究精选股票C"}
{"time": "2026-09-04 16:19:31", "event": "user_fix", "query": "020662", "fund_code": "020662", "reason": "用户手动修正", "score": null, "matched_name": "中加科技创新混合发起式C"}
{"time": "2026-09-04 16:19:31", "event": "user_fix", "query": "014784", "fund_code": "014784", "reason": "用户手动修正", "score": null, "matched_name": "招商远见成长混合C"}
{"time": "2026-09-04 16:19:31", "event": "user_fix", "query": "001407", "fund_code": "001407", "reason": "用户手动修正", "score": null, "matched_name": "景顺长城稳健回报混合C"}
{"time": "2026-09-04 16:19:31", "event": "user_fix", "query": "008087", "fund_code": "008087", "reason": "用户手动修正", "score": null, "matched_name": "华夏中证5G通信主题ETF联接C"}
{"time": "2026-09-04 16:19:31", "event": "user_fix", "query": "010524", "fund_code": "010524", "reason": "用户手动修正", "score": null, "matched_name": "银华中证5G通信主题ETF联接C"}
{"time": "2026-09-04 16:19:31", "event": "user_fix", "query": "012224", "fund_code": "012224", "reason": "用户手动修正", "score": null, "matched_name": "信澳成长精选混合C"}
{"time": "2026-09-04 16:19:31", "event": "user_fix", "query": "013384", "fund_code": "013384", "reason": "用户手动修正", "score": null, "matched_name": "恒生前海高端制造混合C"}
{"time": "2026-09-04 16:19:31", "event": "user_fix", "query": "024477", "fund_code": "024477", "reason": "用户手动修正", "score": null, "matched_name": "南华科技创新混合发起C"}
{"time": "2026-09-04 16:19:31", "event": "user_fix", "query": "009489", "fund_code": "009489", "reason": "用户手动修正", "score": null, "matched_name": "中邮价值精选混合C"}
{"time": "2026-09-04 16:19:31", "event": "user_fix", "query": "026539", "fund_code": "026539", "reason": "用户手动修正", "score": null, "matched_name": "融通科技臻选混合发起式C"}
{"time": "2026-09-04 16:19:31", "event": "user_fix", "query": "019830", "fund_code": "019830", "reason": "用户手动修正", "score": null, "matched_name": "华夏数字产业混合C"}
{"time": "2026-09-04 16:19:31", "event": "user_fix", "query": "008327", "fund_code": "008327", "reason": "用户手动修正", "score": null, "matched_name": "东财通信C"}
{"time": "2026-09-04 16:19:31", "event": "user_fix", "query": "002418", "fund_code": "002418", "reason": "用户手动修正", "score": null, "matched_name": "汇添富优选回报混合C"}
{"time": "2026-09-04 16:19:31", "event": "user_fix", "query": "023095", "fund_code": "023095", "reason": "用户手动修正", "score": null, "matched_name": "中邮新思路灵活配置混合C"}
{"time": "2026-09-04 16:19:31", "event": "user_fix", "query": "001608", "fund_code": "001608", "reason": "用户手动修正", "score": null, "matched_name": "英大策略优选C"}
{"time": "2026-09-04 16:19:31", "event": "user_fix", "query": "026290", "fund_code": "026290", "reason": "用户手动修正", "score": null, "matched_name": "红土创新科技创新股票(LOF)C"}
{"time": "2026-09-04 16:19:31", "event": "user_fix", "query": "023452", "fund_code": "023452", "reason": "用户手动修正", "score": null, "matched_name": "中欧信息科技混合发起C"}
{"time": "2026-09-04 16:19:31", "event": "user_fix", "query": "025415", "fund_code": "025415", "reason": "用户手动修正", "score": null, "matched_name": "新华策略精选股票C"}
{"time": "2026-09-04 16:19:31", "event": "user_fix", "query": "025759", "fund_code": "025759", "reason": "用户手动修正", "score": null, "matched_name": "华安新兴动力混合发起式C"}
{"time": "2026-09-04 16:19:31", "event": "user_fix", "query": "519158", "fund_code": "519158", "reason": "用户手动修正", "score": null, "matched_name": "新华趋势领航混合"}
{"time": "2026-09-04 16:19:31", "event": "user_fix", "query": "020699", "fund_code": "020699", "reason": "用户手动修正", "score": null, "matched_name": "国泰海通科创板量化选股股票发起C"}
{"time": "2026-09-04 16:19:31", "event": "user_fix", "query": "019386", "fund_code": "019386", "reason": "用户手动修正", "score": null, "matched_name": "东财科创50C"}
{"time": "2026-09-04 16:19:31", "event": "user_fix", "query": "011609", "fund_code": "011609", "reason": "用户手动修正", "score": null, "matched_name": "易方达上证科创50联接C"}
{"time": "2026-09-04 16:19:31", "event": "user_fix", "query": "011611", "fund_code": "011611", "reason": "用户手动修正", "score": null, "matched_name": "华泰柏瑞上证科创板50成份ETF联接C"}
{"time": "2026-09-04 16:19:31", "event": "user_fix", "query": "011608", "fund_code": "011608", "reason": "用户手动修正", "score": null, "matched_name": "易方达上证科创50联接A"}
{"time": "2026-09-04 16:19:31", "event": "user_fix", "query": "013811", "fund_code": "013811", "reason": "用户手动修正", "score": null, "matched_name": "广发科创50ETF发起式联接C"}
{"time": "2026-09-04 16:19:31", "event": "user_fix", "query": "018178", "fund_code": "018178", "reason": "用户手动修正", "score": null, "matched_name": "华夏科创50指数增强C"}
{"time": "2026-09-04 16:19:31", "event": "user_fix", "query": "019768", "fund_code": "019768", "reason": "用户手动修正", "score": null, "matched_name": "景顺长城科创50指数增强C"}
{"time": "2026-09-04 16:19:31", "event": "user_fix", "query": "021485", "fund_code": "021485", "reason": "用户手动修正", "score": null, "matched_name": "景顺长城上证科创板50成份ETF联接C"}
{"time": "2026-09-04 16:19:31", "event": "user_fix", "query": "011615", "fund_code": "011615", "reason": "用户手动修正", "score": null, "matched_name": "工银科创50ETF联接C"}
{"time": "2026-09-04 16:19:31", "event": "user_fix", "query": "024606", "fund_code": "024606", "reason": "用户手动修正", "score": null, "matched_name": "前海开源上证科创板50成份指数C"}
{"time": "2026-09-04 16:19:31", "event": "user_fix", "query": "022729", "fund_code": "022729", "reason": "用户手动修正", "score": null, "matched_name": "中银上证科创板50ETF联接C"}
{"time": "2026-09-04 16:19:31", "event": "user_fix", "query": "011613", "fund_code": "011613", "reason": "用户手动修正", "score": null, "matched_name": "华夏科创50ETF联接C"}
{"time": "2026-09-04 16:19:31", "event": "user_fix", "query": "025028", "fund_code": "025028", "reason": "用户手动修正", "score": null, "matched_name": "东财科创50ETF联接C"}
{"time": "2026-09-04 16:19:31", "event": "user_fix", "query": "025365", "fund_code": "025365", "reason": "用户手动修正", "score": null, "matched_name": "路博迈上证科创板综合价格指数增强C"}
{"time": "2026-09-04 16:19:31", "event": "user_fix", "query": "023909", "fund_code": "023909", "reason": "用户手动修正", "score": null, "matched_name": "安信上证科创综指增强发起C"}
{"time": "2026-09-04 16:19:31", "event": "user_fix", "query": "023680", "fund_code": "023680", "reason": "用户手动修正", "score": null, "matched_name": "格林上证科创板综合指数增强C"}
{"time": "2026-09-04 16:19:31", "event": "user_fix", "query": "026164", "fund_code": "026164", "reason": "用户手动修正", "score": null, "matched_name": "英大上证科创板综合指数增强发起C"}
{"time": "2026-09-04 16:19:31", "event": "user_fix", "query": "023999", "fund_code": "023999", "reason": "用户手动修正", "score": null, "matched_name": "易方达上证科创板综合增强C"}
{"time": "2026-09-04 16:19:31", "event": "user_fix", "query": "024185", "fund_code": "024185", "reason": "用户手动修正", "score": null, "matched_name": "东财科创板综指C"}
{"time": "2026-09-04 16:19:31", "event": "user_fix", "query": "020292", "fund_code": "020292", "reason": "用户手动修正", "score": null, "matched_name": "华夏科创100ETF联接C"}
{"time": "2026-09-04 16:19:31", "event": "user_fix", "query": "019862", "fund_code": "019862", "reason": "用户手动修正", "score": null, "matched_name": "鹏华上证科创100ETF联接C"}
{"time": "2026-09-04 16:19:31", "event": "user_fix", "query": "023896", "fund_code": "023896", "reason": "用户手动修正", "score": null, "matched_name": "天弘上证科创板综合指数增强C"}
{"time": "2026-09-04 16:19:31", "event": "user_fix", "query": "021386", "fund_code": "021386", "reason": "用户手动修正", "score": null, "matched_name": "天弘上证科创板100指数增强发起C"}
{"time": "2026-09-04 16:19:31", "event": "user_fix", "query": "019860", "fund_code": "019860", "reason": "用户手动修正", "score": null, "matched_name": "银华上证科创板100ETF联接C"}
{"time": "2026-09-04 16:19:31", "event": "user_fix", "query": "026419", "fund_code": "026419", "reason": "用户手动修正", "score": null, "matched_name": "东财科创100指数C"}
{"time": "2026-09-04 16:19:31", "event": "user_fix", "query": "010647", "fund_code": "010647", "reason": "用户手动修正", "score": null, "matched_name": "融通价值趋势混合C"}
{"time": "2026-09-04 16:19:31", "event": "user_fix", "query": "020684", "fund_code": "020684", "reason": "用户手动修正", "score": null, "matched_name": "南方上证科创板100ETF联接C"}
{"time": "2026-09-04 16:19:31", "event": "user_fix", "query": "026117", "fund_code": "026117", "reason": "用户手动修正", "score": null, "matched_name": "东财科创200A"}
{"time": "2026-09-04 16:19:31", "event": "user_fix", "query": "023383", "fund_code": "023383", "reason": "用户手动修正", "score": null, "matched_name": "华泰柏瑞上证科创板200ETF发起式联接C"}
{"time": "2026-09-04 16:19:31", "event": "user_fix", "query": "501078", "fund_code": "501078", "reason": "用户手动修正", "score": null, "matched_name": "广发科创主题灵活配置混合(LOF)"}
{"time": "2026-09-04 16:19:31", "event": "user_fix", "query": "019786", "fund_code": "019786", "reason": "用户手动修正", "score": null, "matched_name": "广发上证科创板成长ETF发起式联接C"}
{"time": "2026-09-04 16:19:31", "event": "user_fix", "query": "023421", "fund_code": "023421", "reason": "用户手动修正", "score": null, "matched_name": "永赢锐见先锋混合C"}
{"time": "2026-09-04 16:19:31", "event": "user_fix", "query": "022718", "fund_code": "022718", "reason": "用户手动修正", "score": null, "matched_name": "永赢锐见进取混合C"}
{"time": "2026-09-04 16:19:31", "event": "user_fix", "query": "011241", "fund_code": "011241", "reason": "用户手动修正", "score": null, "matched_name": "东吴双动力混合C"}
{"time": "2026-09-04 16:19:31", "event": "user_fix", "query": "025209", "fund_code": "025209", "reason": "用户手动修正", "score": null, "matched_name": "永赢先锋半导体智选混合发起C"}
{"time": "2026-09-04 16:19:31", "event": "user_fix", "query": "025500", "fund_code": "025500", "reason": "用户手动修正", "score": null, "matched_name": "东方阿尔法科技智选混合发起C"}
{"time": "2026-09-04 16:19:31", "event": "user_fix", "query": "026079", "fund_code": "026079", "reason": "用户手动修正", "score": null, "matched_name": "中航卓越领航混合发起C"}
{"time": "2026-09-04 16:19:31", "event": "user_fix", "query": "501096", "fund_code": "501096", "reason": "用户手动修正", "score": null, "matched_name": "国联安科创混合(LOF)"}
{"time": "2026-09-04 16:19:31", "event": "user_fix", "query": "018816", "fund_code": "018816", "reason": "用户手动修正", "score": null, "matched_name": "方正富邦核心优势混合C"}
{"time": "2026-09-04 16:19:31", "event": "user_fix", "query": "002112", "fund_code": "002112", "reason": "用户手动修正", "score": null, "matched_name": "德邦鑫星价值灵活配置混合C"}
{"time": "2026-09-04 16:19:31", "event": "user_fix", "query": "012524", "fund_code": "012524", "reason": "用户手动修正", "score": null, "matched_name": "国联高质量成长混合C"}
{"time": "2026-09-04 16:19:31", "event": "user_fix", "query": "022365", "fund_code": "022365", "reason": "用户手动修正", "score": null, "matched_name": "永赢科技智选混合发起C"}
{"time": "2026-09-04 16:19:31", "event": "user_fix", "query": "020661", "fund_code": "020661", "reason": "用户手动修正", "score": null, "matched_name": "中加科技创新混合发起式A"}
{"time": "2026-09-04 16:19:31", "event": "user_fix", "query": "017462", "fund_code": "017462", "reason": "用户手动修正", "score": null, "matched_name": "长城久祥混合C"}
{"time": "2026-09-04 16:20:11", "event": "resolve_code", "query": "017103", "fund_code": "017103", "reason": "按基金代码识别", "score": 1.0, "matched_name": "大摩数字经济混合C"}
{"time": "2026-09-04 16:20:11", "event": "resolve_code", "query": "016371", "fund_code": "016371", "reason": "按基金代码识别", "score": 1.0, "matched_name": "信澳业绩驱动混合C"}
{"time": "2026-09-04 16:20:11", "event": "resolve_code", "query": "540010", "fund_code": "540010", "reason": "按基金代码识别", "score": 1.0, "matched_name": "汇丰晋信科技先锋股票"}
{"time": "2026-09-04 16:20:11", "event": "resolve_code", "query": "018957", "fund_code": "018957", "reason": "按基金代码识别", "score": 1.0, "matched_name": "中航机遇领航混合发起C"}
{"time": "2026-09-04 16:20:11", "event": "resolve_code", "query": "026137", "fund_code": "026137", "reason": "按基金代码识别", "score": 1.0, "matched_name": "山证资管策略精选混合C"}
{"time": "2026-09-04 16:20:11", "event": "resolve_code", "query": "024434", "fund_code": "024434", "reason": "按基金代码识别", "score": 1.0, "matched_name": "嘉实成长共赢混合C"}
{"time": "2026-09-04 16:20:11", "event": "resolve_code", "query": "011120", "fund_code": "011120", "reason": "按基金代码识别", "score": 1.0, "matched_name": "富国创新科技混合C"}
{"time": "2026-09-04 16:20:11", "event": "resolve_code", "query": "016173", "fund_code": "016173", "reason": "按基金代码识别", "score": 1.0, "matched_name": "汇添富优势企业精选混合C"}
{"time": "2026-09-04 16:20:11", "event": "resolve_code", "query": "018291", "fund_code": "018291", "reason": "按基金代码识别", "score": 1.0, "matched_name": "广发新兴成长混合C"}
{"time": "2026-09-04 16:20:11", "event": "resolve_code", "query": "026476", "fund_code": "026476", "reason": "按基金代码识别", "score": 1.0, "matched_name": "西部利得创新驱动鑫选混合发起C"}
{"time": "2026-09-04 16:20:11", "event": "resolve_code", "query": "023286", "fund_code": "023286", "reason": "按基金代码识别", "score": 1.0, "matched_name": "前海开源人工智能主题混合C"}
{"time": "2026-09-04 16:20:11", "event": "resolve_code", "query": "025348", "fund_code": "025348", "reason": "按基金代码识别", "score": 1.0, "matched_name": "华商优势行业混合C"}
{"time": "2026-09-04 16:20:11", "event": "resolve_code", "query": "006080", "fund_code": "006080", "reason": "按基金代码识别", "score": 1.0, "matched_name": "海富通电子传媒股票C"}
{"time": "2026-09-04 16:20:11", "event": "resolve_code", "query": "025881", "fund_code": "025881", "reason": "按基金代码识别", "score": 1.0, "matched_name": "汇添富科技领先混合C"}
{"time": "2026-09-04 16:20:11", "event": "resolve_code", "query": "011412", "fund_code": "011412", "reason": "按基金代码识别", "score": 1.0, "matched_name": "易方达远见成长混合C"}
{"time": "2026-09-04 16:20:11", "event": "resolve_code", "query": "026211", "fund_code": "026211", "reason": "按基金代码识别", "score": 1.0, "matched_name": "平安科技精选混合发起式C"}
{"time": "2026-09-04 16:20:11", "event": "resolve_code", "query": "012497", "fund_code": "012497", "reason": "按基金代码识别", "score": 1.0, "matched_name": "同泰行业优选股票C"}
{"time": "2026-09-04 16:20:11", "event": "resolve_code", "query": "011892", "fund_code": "011892", "reason": "按基金代码识别", "score": 1.0, "matched_name": "易方达先锋成长混合C"}
{"time": "2026-09-04 16:20:11", "event": "resolve_code", "query": "001438", "fund_code": "001438", "reason": "按基金代码识别", "score": 1.0, "matched_name": "易方达瑞享混合E"}
{"time": "2026-09-04 16:20:11", "event": "resolve_code", "query": "024473", "fund_code": "024473", "reason": "按基金代码识别", "score": 1.0, "matched_name": "信澳优势行业混合A"}
{"time": "2026-09-04 16:20:11", "event": "resolve_code", "query": "024460", "fund_code": "024460", "reason": "按基金代码识别", "score": 1.0, "matched_name": "华商致远回报混合C"}
{"time": "2026-09-04 16:20:11", "event": "resolve_code", "query": "006888", "fund_code": "006888", "reason": "按基金代码识别", "score": 1.0, "matched_name": "诺德新生活混合C"}
{"time": "2026-09-04 16:20:11", "event": "resolve_code", "query": "008984", "fund_code": "008984", "reason": "按基金代码识别", "score": 1.0, "matched_name": "财通科技创新混合C"}
{"time": "2026-09-04 16:20:11", "event": "resolve_code", "query": "013722", "fund_code": "013722", "reason": "按基金代码识别", "score": 1.0, "matched_name": "信澳景气优选混合C"}
{"time": "2026-09-04 16:20:11", "event": "resolve_code", "query": "501205", "fund_code": "501205", "reason": "按基金代码识别", "score": 1.0, "matched_name": "鹏华创新未来混合(LOF)C"}
{"time": "2026-09-04 16:20:11", "event": "resolve_code", "query": "018288", "fund_code": "018288", "reason": "按基金代码识别", "score": 1.0, "matched_name": "信澳优势产业混合C"}
{"time": "2026-09-04 16:20:11", "event": "resolve_code", "query": "015772", "fund_code": "015772", "reason": "按基金代码识别", "score": 1.0, "matched_name": "银华互联网主题灵活配置混合C"}
{"time": "2026-09-04 16:20:11", "event": "resolve_code", "query": "018211", "fund_code": "018211", "reason": "按基金代码识别", "score": 1.0, "matched_name": "红土创新景气回报混合C"}
{"time": "2026-09-04 16:20:11", "event": "resolve_code", "query": "025660", "fund_code": "025660", "reason": "按基金代码识别", "score": 1.0, "matched_name": "招商中国机遇股票C"}
{"time": "2026-09-04 16:20:11", "event": "resolve_code", "query": "501201", "fund_code": "501201", "reason": "按基金代码识别", "score": 1.0, "matched_name": "红土创新科技创新股票(LOF)A"}
{"time": "2026-09-04 16:20:11", "event": "resolve_code", "query": "001956", "fund_code": "001956", "reason": "按基金代码识别", "score": 1.0, "matched_name": "国联安科技动力"}
{"time": "2026-09-04 16:20:11", "event": "resolve_code", "query": "010238", "fund_code": "010238", "reason": "按基金代码识别", "score": 1.0, "matched_name": "安信创新先锋混合发起C"}
{"time": "2026-09-04 16:20:11", "event": "resolve_code", "query": "013470", "fund_code": "013470", "reason": "按基金代码识别", "score": 1.0, "matched_name": "泰信低碳经济混合发起式C"}
{"time": "2026-09-04 16:20:11", "event": "resolve_code", "query": "006503", "fund_code": "006503", "reason": "按基金代码识别", "score": 1.0, "matched_name": "财通集成电路产业股票C"}
{"time": "2026-09-04 16:20:11", "event": "resolve_code", "query": "011370", "fund_code": "011370", "reason": "按基金代码识别", "score": 1.0, "matched_name": "华商均衡成长混合C"}
{"time": "2026-09-04 16:20:11", "event": "resolve_code", "query": "016234", "fund_code": "016234", "reason": "按基金代码识别", "score": 1.0, "matched_name": "财通景气行业混合C"}
{"time": "2026-09-04 16:20:11", "event": "resolve_code", "query": "010034", "fund_code": "010034", "reason": "按基金代码识别", "score": 1.0, "matched_name": "安信成长精选混合C"}
{"time": "2026-09-04 16:20:11", "event": "resolve_code", "query": "005959", "fund_code": "005959", "reason": "按基金代码识别", "score": 1.0, "matched_name": "财通新视野灵活配置混合C"}
{"time": "2026-09-04 16:20:11", "event": "resolve_code", "query": "002771", "fund_code": "002771", "reason": "按基金代码识别", "score": 1.0, "matched_name": "安信新回报混合C"}
{"time": "2026-09-04 16:20:11", "event": "resolve_code", "query": "011452", "fund_code": "011452", "reason": "按基金代码识别", "score": 1.0, "matched_name": "华泰柏瑞质量成长C"}
{"time": "2026-09-04 16:20:11", "event": "resolve_code", "query": "026155", "fund_code": "026155", "reason": "按基金代码识别", "score": 1.0, "matched_name": "红土创新新科技股票C"}
{"time": "2026-09-04 16:20:11", "event": "resolve_code", "query": "021957", "fund_code": "021957", "reason": "按基金代码识别", "score": 1.0, "matched_name": "红土创新智能制造混合型发起式C"}
{"time": "2026-09-04 16:20:11", "event": "resolve_code", "query": "010416", "fund_code": "010416", "reason": "按基金代码识别", "score": 1.0, "matched_name": "华泰柏瑞质量精选混合C"}
{"time": "2026-09-04 16:20:11", "event": "resolve_code", "query": "017612", "fund_code": "017612", "reason": "按基金代码识别", "score": 1.0, "matched_name": "宏利复兴混合C"}
{"time": "2026-09-04 16:20:11", "event": "resolve_code", "query": "015576", "fund_code": "015576", "reason": "按基金代码识别", "score": 1.0, "matched_name": "宏利绩优混合C"}
{"time": "2026-09-04 16:20:11", "event": "resolve_code", "query": "004320", "fund_code": "004320", "reason": "按基金代码识别", "score": 1.0, "matched_name": "前海开源沪港深乐享生活"}
{"time": "2026-09-04 16:20:11", "event": "resolve_code", "query": "010623", "fund_code": "010623", "reason": "按基金代码识别", "score": 1.0, "matched_name": "恒越成长精选混合C"}
{"time": "2026-09-04 16:20:12", "event": "resolve_code", "query": "021528", "fund_code": "021528", "reason": "按基金代码识别", "score": 1.0, "matched_name": "财通成长优选混合C"}
{"time": "2026-09-04 16:20:12", "event": "resolve_code", "query": "014581", "fund_code": "014581", "reason": "按基金代码识别", "score": 1.0, "matched_name": "东吴阿尔法灵活配置混合C"}
{"time": "2026-09-04 16:20:12", "event": "resolve_code", "query": "024593", "fund_code": "024593", "reason": "按基金代码识别", "score": 1.0, "matched_name": "圆信永丰科技驱动混合发起C"}
{"time": "2026-09-04 16:20:12", "event": "resolve_code", "query": "009883", "fund_code": "009883", "reason": "按基金代码识别", "score": 1.0, "matched_name": "华润元大核心动力混合C"}
{"time": "2026-09-04 16:20:12", "event": "resolve_code", "query": "021523", "fund_code": "021523", "reason": "按基金代码识别", "score": 1.0, "matched_name": "财通价值动量混合C"}
{"time": "2026-09-04 16:20:12", "event": "resolve_code", "query": "024481", "fund_code": "024481", "reason": "按基金代码识别", "score": 1.0, "matched_name": "财通品质甄选混合C"}
{"time": "2026-09-04 16:20:12", "event": "resolve_code", "query": "001701", "fund_code": "001701", "reason": "按基金代码识别", "score": 1.0, "matched_name": "国联产业升级混合"}
{"time": "2026-09-04 16:20:12", "event": "resolve_code", "query": "005359", "fund_code": "005359", "reason": "按基金代码识别", "score": 1.0, "matched_name": "东方阿尔法精选混合C"}
{"time": "2026-09-04 16:20:12", "event": "resolve_code", "query": "020065", "fund_code": "020065", "reason": "按基金代码识别", "score": 1.0, "matched_name": "西部利得科技创新混合C"}
{"time": "2026-09-04 16:20:12", "event": "resolve_code", "query": "010491", "fund_code": "010491", "reason": "按基金代码识别", "score": 1.0, "matched_name": "鹏华高质量增长混合C"}
{"time": "2026-09-04 16:20:12", "event": "resolve_code", "query": "017511", "fund_code": "017511", "reason": "按基金代码识别", "score": 1.0, "matched_name": "鹏华稳健回报混合C"}
{"time": "2026-09-04 16:20:12", "event": "resolve_code", "query": "001537", "fund_code": "001537", "reason": "按基金代码识别", "score": 1.0, "matched_name": "中加改革红利混合"}
{"time": "2026-09-04 16:20:12", "event": "resolve_code", "query": "003153", "fund_code": "003153", "reason": "按基金代码识别", "score": 1.0, "matched_name": "华富天鑫灵活配置混合C"}
{"time": "2026-09-04 16:20:12", "event": "resolve_code", "query": "024203", "fund_code": "024203", "reason": "按基金代码识别", "score": 1.0, "matched_name": "永赢制造升级智选混合发起C"}
{"time": "2026-09-04 16:20:12", "event": "resolve_code", "query": "021095", "fund_code": "021095", "reason": "按基金代码识别", "score": 1.0, "matched_name": "东方低碳经济混合C"}
{"time": "2026-09-04 16:20:12", "event": "resolve_code", "query": "026563", "fund_code": "026563", "reason": "按基金代码识别", "score": 1.0, "matched_name": "国泰海通制造升级睿选混合发起C"}
{"time": "2026-09-04 16:20:12", "event": "resolve_code", "query": "022891", "fund_code": "022891", "reason": "按基金代码识别", "score": 1.0, "matched_name": "国联物联网主题C"}
{"time": "2026-09-04 16:20:12", "event": "resolve_code", "query": "026623", "fund_code": "026623", "reason": "按基金代码识别", "score": 1.0, "matched_name": "招商上证科创板芯片设计主题ETF发起式联接C"}
{"time": "2026-09-04 16:20:12", "event": "resolve_code", "query": "008981", "fund_code": "008981", "reason": "按基金代码识别", "score": 1.0, "matched_name": "中邮科技创新精选混合C"}
{"time": "2026-09-04 16:20:12", "event": "resolve_code", "query": "027521", "fund_code": "027521", "reason": "按基金代码识别", "score": 1.0, "matched_name": "广发科创芯片设计ETF联接C"}
{"time": "2026-09-04 16:20:12", "event": "resolve_code", "query": "027537", "fund_code": "027537", "reason": "按基金代码识别", "score": 1.0, "matched_name": "长城上证科创板芯片设计指数发起C"}
{"time": "2026-09-04 16:20:12", "event": "resolve_code", "query": "021608", "fund_code": "021608", "reason": "按基金代码识别", "score": 1.0, "matched_name": "南方上证科创板芯片ETF发起联接C"}
{"time": "2026-09-04 16:20:12", "event": "resolve_code", "query": "008888", "fund_code": "008888", "reason": "按基金代码识别", "score": 1.0, "matched_name": "华夏国证半导体芯片ETF联接C"}
{"time": "2026-09-04 16:20:12", "event": "resolve_code", "query": "012630", "fund_code": "012630", "reason": "按基金代码识别", "score": 1.0, "matched_name": "广发国证半导体芯片ETF联接C"}
{"time": "2026-09-04 16:20:12", "event": "resolve_code", "query": "021492", "fund_code": "021492", "reason": "按基金代码识别", "score": 1.0, "matched_name": "中航远见领航混合发起C"}
{"time": "2026-09-04 16:20:12", "event": "resolve_code", "query": "021627", "fund_code": "021627", "reason": "按基金代码识别", "score": 1.0, "matched_name": "华富半导体产业混合发起式C"}
{"time": "2026-09-04 16:20:12", "event": "resolve_code", "query": "014419", "fund_code": "014419", "reason": "按基金代码识别", "score": 1.0, "matched_name": "西部利得CES芯片指数增强C"}
{"time": "2026-09-04 16:20:12", "event": "resolve_code", "query": "020554", "fund_code": "020554", "reason": "按基金代码识别", "score": 1.0, "matched_name": "南方半导体产业股票发起C"}
{"time": "2026-09-04 16:20:12", "event": "resolve_code", "query": "020671", "fund_code": "020671", "reason": "按基金代码识别", "score": 1.0, "matched_name": "易方达科创芯片ETF联接C"}
{"time": "2026-09-04 16:20:12", "event": "resolve_code", "query": "020629", "fund_code": "020629", "reason": "按基金代码识别", "score": 1.0, "matched_name": "汇添富科创芯片ETF联接C"}
{"time": "2026-09-04 16:20:12", "event": "resolve_code", "query": "013340", "fund_code": "013340", "reason": "按基金代码识别", "score": 1.0, "matched_name": "创金合信芯片产业股票发起C"}
{"time": "2026-09-04 16:20:12", "event": "resolve_code", "query": "020227", "fund_code": "020227", "reason": "按基金代码识别", "score": 1.0, "matched_name": "国泰中证全指集成电路ETF发起联接C"}
{"time": "2026-09-04 16:20:12", "event": "resolve_code", "query": "014194", "fund_code": "014194", "reason": "按基金代码识别", "score": 1.0, "matched_name": "汇添富中证芯片产业指数增强发起式C"}
{"time": "2026-09-04 16:20:12", "event": "resolve_code", "query": "026213", "fund_code": "026213", "reason": "按基金代码识别", "score": 1.0, "matched_name": "工银科技智选混合C"}
{"time": "2026-09-04 16:20:12", "event": "resolve_code", "query": "001678", "fund_code": "001678", "reason": "按基金代码识别", "score": 1.0, "matched_name": "英大国企改革A"}
{"time": "2026-09-04 16:20:12", "event": "resolve_code", "query": "022868", "fund_code": "022868", "reason": "按基金代码识别", "score": 1.0, "matched_name": "英大国企改革C"}
{"time": "2026-09-04 16:20:12", "event": "resolve_code", "query": "007301", "fund_code": "007301", "reason": "按基金代码识别", "score": 1.0, "matched_name": "国联安中证半导体ETF联接C"}
{"time": "2026-09-04 16:20:12", "event": "resolve_code", "query": "020483", "fund_code": "020483", "reason": "按基金代码识别", "score": 1.0, "matched_name": "中欧中证芯片产业指数发起C"}
{"time": "2026-09-04 16:20:12", "event": "resolve_code", "query": "014143", "fund_code": "014143", "reason": "按基金代码识别", "score": 1.0, "matched_name": "银河创新成长混合C"}
{"time": "2026-09-04 16:20:12", "event": "resolve_code", "query": "012651", "fund_code": "012651", "reason": "按基金代码识别", "score": 1.0, "matched_name": "博时半导体主题混合C"}
{"time": "2026-09-04 16:20:12", "event": "resolve_code", "query": "020465", "fund_code": "020465", "reason": "按基金代码识别", "score": 1.0, "matched_name": "招商中证半导体产业ETF发起式联接C"}
{"time": "2026-09-04 16:20:12", "event": "resolve_code", "query": "003235", "fund_code": "003235", "reason": "按基金代码识别", "score": 1.0, "matched_name": "中信保诚至利混合C"}
{"time": "2026-09-04 16:20:12", "event": "resolve_code", "query": "016501", "fund_code": "016501", "reason": "按基金代码识别", "score": 1.0, "matched_name": "华夏半导体龙头混合发起C"}
{"time": "2026-09-04 16:20:12", "event": "resolve_code", "query": "014549", "fund_code": "014549", "reason": "按基金代码识别", "score": 1.0, "matched_name": "交银数据产业灵活配置混合C"}
{"time": "2026-09-04 16:20:12", "event": "resolve_code", "query": "016052", "fund_code": "016052", "reason": "按基金代码识别", "score": 1.0, "matched_name": "华商改革创新股票C"}
{"time": "2026-09-04 16:20:12", "event": "resolve_code", "query": "001479", "fund_code": "001479", "reason": "按基金代码识别", "score": 1.0, "matched_name": "中邮风格轮动灵活配置混合"}
{"time": "2026-09-04 16:20:12", "event": "resolve_code", "query": "015159", "fund_code": "015159", "reason": "按基金代码识别", "score": 1.0, "matched_name": "申万菱信智能驱动股票C"}
{"time": "2026-09-04 16:20:12", "event": "resolve_code", "query": "009708", "fund_code": "009708", "reason": "按基金代码识别", "score": 1.0, "matched_name": "工银新兴制造混合C"}
{"time": "2026-09-04 16:20:12", "event": "resolve_code", "query": "015456", "fund_code": "015456", "reason": "按基金代码识别", "score": 1.0, "matched_name": "信澳领先增长混合C"}
{"time": "2026-09-04 16:20:12", "event": "resolve_code", "query": "026733", "fund_code": "026733", "reason": "按基金代码识别", "score": 1.0, "matched_name": "广发成长甄选混合C"}
{"time": "2026-09-04 16:20:12", "event": "resolve_code", "query": "002163", "fund_code": "002163", "reason": "按基金代码识别", "score": 1.0, "matched_name": "东方惠新灵活配置混合C"}
{"time": "2026-09-04 16:20:12", "event": "resolve_code", "query": "005777", "fund_code": "005777", "reason": "按基金代码识别", "score": 1.0, "matched_name": "广发科技动力股票"}
{"time": "2026-09-04 16:20:12", "event": "resolve_code", "query": "015968", "fund_code": "015968", "reason": "按基金代码识别", "score": 1.0, "matched_name": "永赢半导体产业智选混合发起C"}
{"time": "2026-09-04 16:20:12", "event": "resolve_code", "query": "013312", "fund_code": "013312", "reason": "按基金代码识别", "score": 1.0, "matched_name": "工银主题策略混合C"}
{"time": "2026-09-04 16:20:12", "event": "resolve_code", "query": "020470", "fund_code": "020470", "reason": "按基金代码识别", "score": 1.0, "matched_name": "长城半导体混合发起式C"}
{"time": "2026-09-04 16:20:12", "event": "resolve_code", "query": "019925", "fund_code": "019925", "reason": "按基金代码识别", "score": 1.0, "matched_name": "华宝竞争优势混合C"}
{"time": "2026-09-04 16:20:12", "event": "resolve_code", "query": "014497", "fund_code": "014497", "reason": "按基金代码识别", "score": 1.0, "matched_name": "诺安研究优选混合C"}
{"time": "2026-09-04 16:20:12", "event": "resolve_code", "query": "002051", "fund_code": "002051", "reason": "按基金代码识别", "score": 1.0, "matched_name": "诺安创新驱动混合C"}
{"time": "2026-09-04 16:20:12", "event": "resolve_code", "query": "019114", "fund_code": "019114", "reason": "按基金代码识别", "score": 1.0, "matched_name": "东财慧心优选C"}
{"time": "2026-09-04 16:20:12", "event": "resolve_code", "query": "020436", "fund_code": "020436", "reason": "按基金代码识别", "score": 1.0, "matched_name": "金信稳健策略混合C"}
{"time": "2026-09-04 16:20:12", "event": "resolve_code", "query": "020451", "fund_code": "020451", "reason": "按基金代码识别", "score": 1.0, "matched_name": "金信行业优选混合发起式C"}
{"time": "2026-09-04 16:20:12", "event": "resolve_code", "query": "024169", "fund_code": "024169", "reason": "按基金代码识别", "score": 1.0, "matched_name": "信澳先进智造股票型C"}
{"time": "2026-09-04 16:20:12", "event": "resolve_code", "query": "014855", "fund_code": "014855", "reason": "按基金代码识别", "score": 1.0, "matched_name": "嘉实中证半导体指数增强发起式C"}
{"time": "2026-09-04 16:20:12", "event": "resolve_code", "query": "026333", "fund_code": "026333", "reason": "按基金代码识别", "score": 1.0, "matched_name": "广发盛世精选混合C"}
{"time": "2026-09-04 16:20:12", "event": "resolve_code", "query": "017811", "fund_code": "017811", "reason": "按基金代码识别", "score": 1.0, "matched_name": "东方人工智能主题混合C"}
{"time": "2026-09-04 16:20:12", "event": "resolve_code", "query": "014300", "fund_code": "014300", "reason": "按基金代码识别", "score": 1.0, "matched_name": "宏利先进制造股票C"}
{"time": "2026-09-04 16:20:12", "event": "resolve_code", "query": "024424", "fund_code": "024424", "reason": "按基金代码识别", "score": 1.0, "matched_name": "东方阿尔法科技优选混合发起C"}
{"time": "2026-09-04 16:20:12", "event": "resolve_code", "query": "162214", "fund_code": "162214", "reason": "按基金代码识别", "score": 1.0, "matched_name": "宏利领先中小盘混合"}
{"time": "2026-09-04 16:20:12", "event": "resolve_code", "query": "027329", "fund_code": "027329", "reason": "按基金代码识别", "score": 1.0, "matched_name": "浦银半导体产业混合C"}
{"time": "2026-09-04 16:20:12", "event": "resolve_code", "query": "016721", "fund_code": "016721", "reason": "按基金代码识别", "score": 1.0, "matched_name": "前海开源高端装备制造混合C"}
{"time": "2026-09-04 16:20:12", "event": "resolve_code", "query": "020640", "fund_code": "020640", "reason": "按基金代码识别", "score": 1.0, "matched_name": "广发半导体设备ETF联接C"}
{"time": "2026-09-04 16:20:12", "event": "resolve_code", "query": "020357", "fund_code": "020357", "reason": "按基金代码识别", "score": 1.0, "matched_name": "华夏半导体材料设备ETF联接C"}
{"time": "2026-09-04 16:20:12", "event": "resolve_code", "query": "025687", "fund_code": "025687", "reason": "按基金代码识别", "score": 1.0, "matched_name": "国泰半导体制造精选混合发起C"}
{"time": "2026-09-04 16:20:13", "event": "resolve_code", "query": "021894", "fund_code": "021894", "reason": "按基金代码识别", "score": 1.0, "matched_name": "易方达半导体设备ETF联接C"}
{"time": "2026-09-04 16:20:13", "event": "resolve_code", "query": "019633", "fund_code": "019633", "reason": "按基金代码识别", "score": 1.0, "matched_name": "国泰半导体设备ETF联接C"}
{"time": "2026-09-04 16:20:13", "event": "resolve_code", "query": "023829", "fund_code": "023829", "reason": "按基金代码识别", "score": 1.0, "matched_name": "万家中证半导体材料设备主题ETF发起式联接C"}
{"time": "2026-09-04 16:20:13", "event": "resolve_code", "query": "021594", "fund_code": "021594", "reason": "按基金代码识别", "score": 1.0, "matched_name": "上银数字经济混合发起式C"}
{"time": "2026-09-04 16:20:13", "event": "resolve_code", "query": "007639", "fund_code": "007639", "reason": "按基金代码识别", "score": 1.0, "matched_name": "汇添富竞争优势灵活配置混合"}
{"time": "2026-09-04 16:20:13", "event": "resolve_code", "query": "024418", "fund_code": "024418", "reason": "按基金代码识别", "score": 1.0, "matched_name": "华夏上证科创板半导体材料设备主题ETF发起式联接C"}
{"time": "2026-09-04 16:20:13", "event": "resolve_code", "query": "024975", "fund_code": "024975", "reason": "按基金代码识别", "score": 1.0, "matched_name": "华泰柏瑞上证科创板半导体材料设备主题ETF发起式联接C"}
{"time": "2026-09-04 16:20:13", "event": "resolve_code", "query": "015585", "fund_code": "015585", "reason": "按基金代码识别", "score": 1.0, "matched_name": "国泰优势行业混合C"}
{"time": "2026-09-04 16:20:13", "event": "resolve_code", "query": "007491", "fund_code": "007491", "reason": "按基金代码识别", "score": 1.0, "matched_name": "南方信息创新混合C"}
{"time": "2026-09-04 16:20:13", "event": "resolve_code", "query": "014989", "fund_code": "014989", "reason": "按基金代码识别", "score": 1.0, "matched_name": "国泰新经济灵活配置混合C"}
{"time": "2026-09-04 16:20:13", "event": "resolve_code", "query": "022335", "fund_code": "022335", "reason": "按基金代码识别", "score": 1.0, "matched_name": "广发产业甄选混合C"}
{"time": "2026-09-04 16:20:13", "event": "resolve_code", "query": "005629", "fund_code": "005629", "reason": "按基金代码识别", "score": 1.0, "matched_name": "汇安趋势动力股票C"}
{"time": "2026-09-04 16:20:13", "event": "resolve_code", "query": "019764", "fund_code": "019764", "reason": "按基金代码识别", "score": 1.0, "matched_name": "中欧半导体产业股票发起C"}
{"time": "2026-09-04 16:20:13", "event": "resolve_code", "query": "014953", "fund_code": "014953", "reason": "按基金代码识别", "score": 1.0, "matched_name": "信澳至诚精选混合C"}
{"time": "2026-09-04 16:20:13", "event": "resolve_code", "query": "019689", "fund_code": "019689", "reason": "按基金代码识别", "score": 1.0, "matched_name": "南方中国梦灵活配置混合C"}
{"time": "2026-09-04 16:20:13", "event": "resolve_code", "query": "026262", "fund_code": "026262", "reason": "按基金代码识别", "score": 1.0, "matched_name": "银华智享混合C"}
{"time": "2026-09-04 16:20:13", "event": "resolve_code", "query": "013841", "fund_code": "013841", "reason": "按基金代码识别", "score": 1.0, "matched_name": "银华集成电路混合C"}
{"time": "2026-09-04 16:20:13", "event": "resolve_code", "query": "016262", "fund_code": "016262", "reason": "按基金代码识别", "score": 1.0, "matched_name": "银华智荟内在价值灵活配置混合发起C"}
{"time": "2026-09-04 16:20:13", "event": "resolve_code", "query": "026633", "fund_code": "026633", "reason": "按基金代码识别", "score": 1.0, "matched_name": "平安半导体领航精选混合发起式C"}
{"time": "2026-09-04 16:20:13", "event": "resolve_code", "query": "021391", "fund_code": "021391", "reason": "按基金代码识别", "score": 1.0, "matched_name": "东兴成长优选混合发起C"}
{"time": "2026-09-04 16:20:13", "event": "resolve_code", "query": "014737", "fund_code": "014737", "reason": "按基金代码识别", "score": 1.0, "matched_name": "创金合信专精特新股票发起C"}
{"time": "2026-09-04 16:20:13", "event": "resolve_code", "query": "001470", "fund_code": "001470", "reason": "按基金代码识别", "score": 1.0, "matched_name": "融通通鑫灵活配置混合A"}
{"time": "2026-09-04 16:20:13", "event": "resolve_code", "query": "018345", "fund_code": "018345", "reason": "按基金代码识别", "score": 1.0, "matched_name": "华夏中证机器人ETF发起式联接C"}
{"time": "2026-09-04 16:20:13", "event": "resolve_code", "query": "020482", "fund_code": "020482", "reason": "按基金代码识别", "score": 1.0, "matched_name": "招商中证机器人ETF发起联接C"}
{"time": "2026-09-04 16:20:13", "event": "resolve_code", "query": "018241", "fund_code": "018241", "reason": "按基金代码识别", "score": 1.0, "matched_name": "嘉实制造升级股票发起式C"}
{"time": "2026-09-04 16:20:13", "event": "resolve_code", "query": "014409", "fund_code": "014409", "reason": "按基金代码识别", "score": 1.0, "matched_name": "创金合信兴选产业趋势混合C"}
{"time": "2026-09-04 16:20:13", "event": "resolve_code", "query": "007519", "fund_code": "007519", "reason": "按基金代码识别", "score": 1.0, "matched_name": "东方阿尔法优选混合C"}
{"time": "2026-09-04 16:20:13", "event": "resolve_code", "query": "001271", "fund_code": "001271", "reason": "按基金代码识别", "score": 1.0, "matched_name": "英大灵活配置混合型发起式B"}
{"time": "2026-09-04 16:20:13", "event": "resolve_code", "query": "026254", "fund_code": "026254", "reason": "按基金代码识别", "score": 1.0, "matched_name": "国泰产业升级混合发起C"}
{"time": "2026-09-04 16:20:13", "event": "resolve_code", "query": "014939", "fund_code": "014939", "reason": "按基金代码识别", "score": 1.0, "matched_name": "同泰产业升级混合C"}
{"time": "2026-09-04 16:20:13", "event": "resolve_code", "query": "016076", "fund_code": "016076", "reason": "按基金代码识别", "score": 1.0, "matched_name": "华夏智造升级混合C"}
{"time": "2026-09-04 16:20:13", "event": "resolve_code", "query": "014700", "fund_code": "014700", "reason": "按基金代码识别", "score": 1.0, "matched_name": "东方高端制造混合C"}
{"time": "2026-09-04 16:20:13", "event": "resolve_code", "query": "017994", "fund_code": "017994", "reason": "按基金代码识别", "score": 1.0, "matched_name": "方正富邦远见成长混合C"}
{"time": "2026-09-04 16:20:13", "event": "resolve_code", "query": "005165", "fund_code": "005165", "reason": "按基金代码识别", "score": 1.0, "matched_name": "富荣福锦混合C"}
{"time": "2026-09-04 16:20:13", "event": "resolve_code", "query": "000796", "fund_code": "000796", "reason": "按基金代码识别", "score": 1.0, "matched_name": "宝盈睿丰创新混合C"}
{"time": "2026-09-04 16:20:13", "event": "resolve_code", "query": "023567", "fund_code": "023567", "reason": "按基金代码识别", "score": 1.0, "matched_name": "德邦高端装备混合发起式C"}
{"time": "2026-09-04 16:20:13", "event": "resolve_code", "query": "008998", "fund_code": "008998", "reason": "按基金代码识别", "score": 1.0, "matched_name": "同泰竞争优势混合C"}
{"time": "2026-09-04 16:20:13", "event": "resolve_code", "query": "021490", "fund_code": "021490", "reason": "按基金代码识别", "score": 1.0, "matched_name": "中航趋势领航混合发起C"}
{"time": "2026-09-04 16:20:13", "event": "resolve_code", "query": "016531", "fund_code": "016531", "reason": "按基金代码识别", "score": 1.0, "matched_name": "鹏华碳中和主题混合C"}
{"time": "2026-09-04 16:20:13", "event": "resolve_code", "query": "025942", "fund_code": "025942", "reason": "按基金代码识别", "score": 1.0, "matched_name": "广发新动力混合C"}
{"time": "2026-09-04 16:20:13", "event": "resolve_code", "query": "001864", "fund_code": "001864", "reason": "按基金代码识别", "score": 1.0, "matched_name": "中海魅力长三角混合"}
{"time": "2026-09-04 16:20:13", "event": "resolve_code", "query": "018125", "fund_code": "018125", "reason": "按基金代码识别", "score": 1.0, "matched_name": "永赢先进制造智选混合发起C"}
{"time": "2026-09-04 16:20:13", "event": "resolve_code", "query": "008182", "fund_code": "008182", "reason": "按基金代码识别", "score": 1.0, "matched_name": "方正富邦信泓混合C"}
{"time": "2026-09-04 16:20:13", "event": "resolve_code", "query": "001770", "fund_code": "001770", "reason": "按基金代码识别", "score": 1.0, "matched_name": "前海开源嘉鑫混合C"}
{"time": "2026-09-04 16:20:13", "event": "resolve_code", "query": "024648", "fund_code": "024648", "reason": "按基金代码识别", "score": 1.0, "matched_name": "中欧制造升级混合发起C"}
{"time": "2026-09-04 16:20:13", "event": "resolve_code", "query": "020477", "fund_code": "020477", "reason": "按基金代码识别", "score": 1.0, "matched_name": "泰康半导体量化选股股票发起式C"}
{"time": "2026-09-04 16:20:13", "event": "resolve_code", "query": "026383", "fund_code": "026383", "reason": "按基金代码识别", "score": 1.0, "matched_name": "中航洞见领航混合C"}
{"time": "2026-09-04 16:20:13", "event": "resolve_code", "query": "026397", "fund_code": "026397", "reason": "按基金代码识别", "score": 1.0, "matched_name": "鹏扬科技先锋混合C"}
{"time": "2026-09-04 16:20:13", "event": "resolve_code", "query": "015528", "fund_code": "015528", "reason": "按基金代码识别", "score": 1.0, "matched_name": "弘毅远方汽车产业升级混合C"}
{"time": "2026-09-04 16:20:13", "event": "resolve_code", "query": "026994", "fund_code": "026994", "reason": "按基金代码识别", "score": 1.0, "matched_name": "东方阿尔法瑞利混合发起C"}
{"time": "2026-09-04 16:20:13", "event": "resolve_code", "query": "018123", "fund_code": "018123", "reason": "按基金代码识别", "score": 1.0, "matched_name": "永赢数字经济智选混合发起C"}
{"time": "2026-09-04 16:20:13", "event": "resolve_code", "query": "011909", "fund_code": "011909", "reason": "按基金代码识别", "score": 1.0, "matched_name": "广发沪港深价值精选混合C"}
{"time": "2026-09-04 16:20:13", "event": "resolve_code", "query": "019160", "fund_code": "019160", "reason": "按基金代码识别", "score": 1.0, "matched_name": "中欧产业领航混合C"}
{"time": "2026-09-04 16:20:13", "event": "resolve_code", "query": "006271", "fund_code": "006271", "reason": "按基金代码识别", "score": 1.0, "matched_name": "汇安核心成长混合C"}
{"time": "2026-09-04 16:20:13", "event": "resolve_code", "query": "015773", "fund_code": "015773", "reason": "按基金代码识别", "score": 1.0, "matched_name": "招商移动互联网产业股票基金C"}
{"time": "2026-09-04 16:20:13", "event": "resolve_code", "query": "019427", "fund_code": "019427", "reason": "按基金代码识别", "score": 1.0, "matched_name": "中银数字经济混合C"}
{"time": "2026-09-04 16:20:13", "event": "resolve_code", "query": "018289", "fund_code": "018289", "reason": "按基金代码识别", "score": 1.0, "matched_name": "广发趋势动力混合C"}
{"time": "2026-09-04 16:20:13", "event": "resolve_code", "query": "015060", "fund_code": "015060", "reason": "按基金代码识别", "score": 1.0, "matched_name": "华夏节能环保股票C"}
{"time": "2026-09-04 16:20:13", "event": "resolve_code", "query": "025793", "fund_code": "025793", "reason": "按基金代码识别", "score": 1.0, "matched_name": "东方阿尔法科技甄选混合发起C"}
{"time": "2026-09-04 16:20:13", "event": "resolve_code", "query": "001042", "fund_code": "001042", "reason": "按基金代码识别", "score": 1.0, "matched_name": "华夏领先股票"}
{"time": "2026-09-04 16:20:13", "event": "resolve_code", "query": "012383", "fund_code": "012383", "reason": "按基金代码识别", "score": 1.0, "matched_name": "宏利新兴景气龙头混合C"}
{"time": "2026-09-04 16:20:13", "event": "resolve_code", "query": "026328", "fund_code": "026328", "reason": "按基金代码识别", "score": 1.0, "matched_name": "广发乾元价值增长混合C"}
{"time": "2026-09-04 16:20:13", "event": "resolve_code", "query": "019412", "fund_code": "019412", "reason": "按基金代码识别", "score": 1.0, "matched_name": "长城新兴产业混合C"}
{"time": "2026-09-04 16:20:13", "event": "resolve_code", "query": "012183", "fund_code": "012183", "reason": "按基金代码识别", "score": 1.0, "matched_name": "广发沪港深精选混合C"}
{"time": "2026-09-04 16:20:13", "event": "resolve_code", "query": "026991", "fund_code": "026991", "reason": "按基金代码识别", "score": 1.0, "matched_name": "国泰产业智选混合发起C"}
{"time": "2026-09-04 16:20:13", "event": "resolve_code", "query": "019116", "fund_code": "019116", "reason": "按基金代码识别", "score": 1.0, "matched_name": "东财卓越成长C"}
{"time": "2026-09-04 16:20:13", "event": "resolve_code", "query": "015395", "fund_code": "015395", "reason": "按基金代码识别", "score": 1.0, "matched_name": "招商体育文化休闲股票C"}
{"time": "2026-09-04 16:20:13", "event": "resolve_code", "query": "025884", "fund_code": "025884", "reason": "按基金代码识别", "score": 1.0, "matched_name": "东方城镇消费主题混合C"}
{"time": "2026-09-04 16:20:13", "event": "resolve_code", "query": "015667", "fund_code": "015667", "reason": "按基金代码识别", "score": 1.0, "matched_name": "银河文体娱乐混合C"}
{"time": "2026-09-04 16:20:13", "event": "resolve_code", "query": "017736", "fund_code": "017736", "reason": "按基金代码识别", "score": 1.0, "matched_name": "融通明锐混合C"}
{"time": "2026-09-04 16:20:13", "event": "resolve_code", "query": "023255", "fund_code": "023255", "reason": "按基金代码识别", "score": 1.0, "matched_name": "汇添富中证全指软件ETF发起式联接C"}
{"time": "2026-09-04 16:20:13", "event": "resolve_code", "query": "012620", "fund_code": "012620", "reason": "按基金代码识别", "score": 1.0, "matched_name": "嘉实中证软件服务ETF联接C"}
{"time": "2026-09-04 16:20:13", "event": "resolve_code", "query": "019062", "fund_code": "019062", "reason": "按基金代码识别", "score": 1.0, "matched_name": "易方达软件ETF联接C"}
{"time": "2026-09-04 16:20:13", "event": "resolve_code", "query": "012847", "fund_code": "012847", "reason": "按基金代码识别", "score": 1.0, "matched_name": "诺安积极回报混合C"}
{"time": "2026-09-04 16:20:13", "event": "resolve_code", "query": "016074", "fund_code": "016074", "reason": "按基金代码识别", "score": 1.0, "matched_name": "创金合信软件产业股票发起C"}
{"time": "2026-09-04 16:20:14", "event": "resolve_code", "query": "024224", "fund_code": "024224", "reason": "按基金代码识别", "score": 1.0, "matched_name": "国新国证新锐C"}
{"time": "2026-09-04 16:20:14", "event": "resolve_code", "query": "020594", "fund_code": "020594", "reason": "按基金代码识别", "score": 1.0, "matched_name": "华夏软件龙头混合发起式C"}
{"time": "2026-09-04 16:20:14", "event": "resolve_code", "query": "020486", "fund_code": "020486", "reason": "按基金代码识别", "score": 1.0, "matched_name": "华富智慧城市灵活配置混合C"}
{"time": "2026-09-04 16:20:14", "event": "resolve_code", "query": "001252", "fund_code": "001252", "reason": "按基金代码识别", "score": 1.0, "matched_name": "中海进取收益混合"}
{"time": "2026-09-04 16:20:14", "event": "resolve_code", "query": "019395", "fund_code": "019395", "reason": "按基金代码识别", "score": 1.0, "matched_name": "浦银策略优选混合C"}
{"time": "2026-09-04 16:20:14", "event": "resolve_code", "query": "018049", "fund_code": "018049", "reason": "按基金代码识别", "score": 1.0, "matched_name": "申万菱信数字产业股票型发起式C"}
{"time": "2026-09-04 16:20:14", "event": "resolve_code", "query": "018463", "fund_code": "018463", "reason": "按基金代码识别", "score": 1.0, "matched_name": "德邦稳盈增长灵活配置混合C"}
{"time": "2026-09-04 16:20:14", "event": "resolve_code", "query": "015311", "fund_code": "015311", "reason": "按基金代码识别", "score": 1.0, "matched_name": "华泰柏瑞恒生科技ETF联接(QDII)C"}
{"time": "2026-09-04 16:20:14", "event": "resolve_code", "query": "013172", "fund_code": "013172", "reason": "按基金代码识别", "score": 1.0, "matched_name": "华夏恒生互联网科技业ETF联接(QDII)C"}
{"time": "2026-09-04 16:20:14", "event": "resolve_code", "query": "021634", "fund_code": "021634", "reason": "按基金代码识别", "score": 1.0, "matched_name": "招商中证香港科技ETF发起式联接(QDII)C"}
{"time": "2026-09-04 16:20:14", "event": "resolve_code", "query": "018524", "fund_code": "018524", "reason": "按基金代码识别", "score": 1.0, "matched_name": "华泰紫金恒生互联网科技业指数型发起基金(QDII)C"}
{"time": "2026-09-04 16:20:14", "event": "resolve_code", "query": "019937", "fund_code": "019937", "reason": "按基金代码识别", "score": 1.0, "matched_name": "华安恒生互联网科技业ETF发起式联接(QDII)C"}
{"time": "2026-09-04 16:20:14", "event": "resolve_code", "query": "018476", "fund_code": "018476", "reason": "按基金代码识别", "score": 1.0, "matched_name": "万家恒生互联网科技业ETF发起式联接(QDII)C"}
{"time": "2026-09-04 16:20:14", "event": "resolve_code", "query": "024038", "fund_code": "024038", "reason": "按基金代码识别", "score": 1.0, "matched_name": "银华港股科技30联接C"}
{"time": "2026-09-04 16:20:14", "event": "resolve_code", "query": "025167", "fund_code": "025167", "reason": "按基金代码识别", "score": 1.0, "matched_name": "汇添富恒生港股通中国科技ETF联接C"}
{"time": "2026-09-04 16:20:14", "event": "resolve_code", "query": "025198", "fund_code": "025198", "reason": "按基金代码识别", "score": 1.0, "matched_name": "广发港股通科技ETF联接C"}
{"time": "2026-09-04 16:20:14", "event": "resolve_code", "query": "025720", "fund_code": "025720", "reason": "按基金代码识别", "score": 1.0, "matched_name": "嘉实恒生港股通科技主题ETF联接C"}
{"time": "2026-09-04 16:20:14", "event": "resolve_code", "query": "025526", "fund_code": "025526", "reason": "按基金代码识别", "score": 1.0, "matched_name": "平安恒生港股通科技主题ETF发起式联接C"}
{"time": "2026-09-04 16:20:14", "event": "resolve_code", "query": "012349", "fund_code": "012349", "reason": "按基金代码识别", "score": 1.0, "matched_name": "天弘恒生科技ETF联接C"}
{"time": "2026-09-04 16:20:14", "event": "resolve_code", "query": "013309", "fund_code": "013309", "reason": "按基金代码识别", "score": 1.0, "matched_name": "易方达恒生科技ETF联接(QDII)C"}
{"time": "2026-09-04 16:20:14", "event": "resolve_code", "query": "015283", "fund_code": "015283", "reason": "按基金代码识别", "score": 1.0, "matched_name": "华安恒生科技ETF发起式联接(QDII)C"}
{"time": "2026-09-04 16:20:14", "event": "resolve_code", "query": "013403", "fund_code": "013403", "reason": "按基金代码识别", "score": 1.0, "matched_name": "华夏恒生科技ETF发起式联接(QDII)C"}
{"time": "2026-09-04 16:20:14", "event": "resolve_code", "query": "012805", "fund_code": "012805", "reason": "按基金代码识别", "score": 1.0, "matched_name": "广发恒生科技ETF联接(QDII)C"}
{"time": "2026-09-04 16:20:14", "event": "resolve_code", "query": "020989", "fund_code": "020989", "reason": "按基金代码识别", "score": 1.0, "matched_name": "南方恒生科技ETF发起联接(QDII)C"}
{"time": "2026-09-04 16:20:14", "event": "resolve_code", "query": "013128", "fund_code": "013128", "reason": "按基金代码识别", "score": 1.0, "matched_name": "汇添富恒生科技ETF联接发起式(QDII)C"}
{"time": "2026-09-04 16:20:14", "event": "resolve_code", "query": "014439", "fund_code": "014439", "reason": "按基金代码识别", "score": 1.0, "matched_name": "博时恒生科技ETF发起式联接(QDII)C"}
{"time": "2026-09-04 16:20:14", "event": "resolve_code", "query": "012980", "fund_code": "012980", "reason": "按基金代码识别", "score": 1.0, "matched_name": "大成恒生科技ETF发起式联接C"}
{"time": "2026-09-04 16:20:14", "event": "resolve_code", "query": "012571", "fund_code": "012571", "reason": "按基金代码识别", "score": 1.0, "matched_name": "建信恒生科技指数发起(QDII)C"}
{"time": "2026-09-04 16:20:14", "event": "resolve_code", "query": "018578", "fund_code": "018578", "reason": "按基金代码识别", "score": 1.0, "matched_name": "摩根恒生科技ETF发起式联接(QDII)C"}
{"time": "2026-09-04 16:20:14", "event": "resolve_code", "query": "023035", "fund_code": "023035", "reason": "按基金代码识别", "score": 1.0, "matched_name": "中欧恒生科技指数发起(QDII)C"}
{"time": "2026-09-04 16:20:14", "event": "resolve_code", "query": "024167", "fund_code": "024167", "reason": "按基金代码识别", "score": 1.0, "matched_name": "西部利得恒生科技指数(QDII)C"}
{"time": "2026-09-04 16:20:14", "event": "resolve_code", "query": "027766", "fund_code": "027766", "reason": "按基金代码识别", "score": 1.0, "matched_name": "嘉实恒生科技ETF发起联接(QDII)C"}
{"time": "2026-09-04 16:20:14", "event": "resolve_code", "query": "006614", "fund_code": "006614", "reason": "按基金代码识别", "score": 1.0, "matched_name": "嘉实港股通新经济指数C"}
{"time": "2026-09-04 16:20:14", "event": "resolve_code", "query": "513130", "fund_code": "513130", "reason": "按基金代码识别", "score": 1.0, "matched_name": "恒生科技ETF华泰柏瑞"}
{"time": "2026-09-04 16:20:14", "event": "resolve_code", "query": "016496", "fund_code": "016496", "reason": "按基金代码识别", "score": 1.0, "matched_name": "景顺长城中证港股通科技ETF发起联接C"}
{"time": "2026-09-04 16:20:14", "event": "resolve_code", "query": "015740", "fund_code": "015740", "reason": "按基金代码识别", "score": 1.0, "matched_name": "国泰中证港股通科技ETF发起联接C"}
{"time": "2026-09-04 16:20:14", "event": "resolve_code", "query": "026174", "fund_code": "026174", "reason": "按基金代码识别", "score": 1.0, "matched_name": "路博迈港股通科技股票C"}
{"time": "2026-09-04 16:20:14", "event": "resolve_code", "query": "027700", "fund_code": "027700", "reason": "按基金代码识别", "score": 1.0, "matched_name": "万家港股通科技智选混合发起式C"}
{"time": "2026-09-04 16:20:14", "event": "resolve_code", "query": "009897", "fund_code": "009897", "reason": "按基金代码识别", "score": 1.0, "matched_name": "广发港股通成长精选股票C"}
{"time": "2026-09-04 16:20:14", "event": "resolve_code", "query": "024535", "fund_code": "024535", "reason": "按基金代码识别", "score": 1.0, "matched_name": "平安港股通科技精选混合C"}
{"time": "2026-09-04 16:20:14", "event": "resolve_code", "query": "024736", "fund_code": "024736", "reason": "按基金代码识别", "score": 1.0, "matched_name": "永赢港股通科技智选混合发起C"}
{"time": "2026-09-04 16:20:14", "event": "resolve_code", "query": "014864", "fund_code": "014864", "reason": "按基金代码识别", "score": 1.0, "matched_name": "建信食品饮料行业股票C"}
{"time": "2026-09-04 16:20:14", "event": "resolve_code", "query": "003685", "fund_code": "003685", "reason": "按基金代码识别", "score": 1.0, "matched_name": "汇安丰融混合C"}
{"time": "2026-09-04 16:20:14", "event": "resolve_code", "query": "001632", "fund_code": "001632", "reason": "按基金代码识别", "score": 1.0, "matched_name": "天弘中证食品饮料ETF联接C"}
{"time": "2026-09-04 16:20:14", "event": "resolve_code", "query": "012341", "fund_code": "012341", "reason": "按基金代码识别", "score": 1.0, "matched_name": "东财食品饮料增强C"}
{"time": "2026-09-04 16:20:14", "event": "resolve_code", "query": "013126", "fund_code": "013126", "reason": "按基金代码识别", "score": 1.0, "matched_name": "华夏食品饮料ETF联接C"}
{"time": "2026-09-04 16:20:14", "event": "resolve_code", "query": "005236", "fund_code": "005236", "reason": "按基金代码识别", "score": 1.0, "matched_name": "银华食品饮料量化股票发起式C"}
{"time": "2026-09-04 16:20:14", "event": "resolve_code", "query": "015040", "fund_code": "015040", "reason": "按基金代码识别", "score": 1.0, "matched_name": "国泰国证食品饮料行业(LOF)C"}
{"time": "2026-09-04 16:20:14", "event": "resolve_code", "query": "013027", "fund_code": "013027", "reason": "按基金代码识别", "score": 1.0, "matched_name": "银华富久食品饮料精选混合(LOF)C"}
{"time": "2026-09-04 16:20:14", "event": "resolve_code", "query": "013290", "fund_code": "013290", "reason": "按基金代码识别", "score": 1.0, "matched_name": "工银食品饮料混合C"}
{"time": "2026-09-04 16:20:14", "event": "resolve_code", "query": "023537", "fund_code": "023537", "reason": "按基金代码识别", "score": 1.0, "matched_name": "博时中证金融科技主题ETF联接C"}
{"time": "2026-09-04 16:20:14", "event": "resolve_code", "query": "013478", "fund_code": "013478", "reason": "按基金代码识别", "score": 1.0, "matched_name": "华宝中证金融科技主题ETF发起式联接C"}
{"time": "2026-09-04 16:20:14", "event": "resolve_code", "query": "023885", "fund_code": "023885", "reason": "按基金代码识别", "score": 1.0, "matched_name": "华夏中证金融科技主题ETF发起式联接C"}
{"time": "2026-09-04 16:20:14", "event": "resolve_code", "query": "027390", "fund_code": "027390", "reason": "按基金代码识别", "score": 1.0, "matched_name": "前海开源中证金融科技主题指数C"}
{"time": "2026-09-04 16:20:14", "event": "resolve_code", "query": "027167", "fund_code": "027167", "reason": "按基金代码识别", "score": 1.0, "matched_name": "汇添富中证金融科技主题ETF发起式联接C"}
{"time": "2026-09-04 16:20:14", "event": "resolve_fail", "query": "150318", "fund_code": "", "reason": "未找到该基金代码，请确认后手动输入", "score": 0.0, "matched_name": ""}
{"time": "2026-09-04 16:20:14", "event": "resolve_fail", "query": "164907", "fund_code": "", "reason": "未找到该基金代码，请确认后手动输入", "score": 0.0, "matched_name": ""}
{"time": "2026-09-04 16:20:14", "event": "resolve_fail", "query": "150317", "fund_code": "", "reason": "未找到该基金代码，请确认后手动输入", "score": 0.0, "matched_name": ""}
{"time": "2026-09-04 16:20:14", "event": "resolve_code", "query": "168702", "fund_code": "168702", "reason": "按基金代码识别", "score": 1.0, "matched_name": "合煦智远金融科技指数(LOF)C"}
{"time": "2026-09-04 16:20:14", "event": "resolve_code", "query": "014673", "fund_code": "014673", "reason": "按基金代码识别", "score": 1.0, "matched_name": "富国中证港股通互联网ETF发起式联接A"}
{"time": "2026-09-04 16:20:14", "event": "resolve_code", "query": "017126", "fund_code": "017126", "reason": "按基金代码识别", "score": 1.0, "matched_name": "华宝中证港股通互联网ETF发起联接C"}
{"time": "2026-09-04 16:20:14", "event": "resolve_code", "query": "021093", "fund_code": "021093", "reason": "按基金代码识别", "score": 1.0, "matched_name": "广发中证港股通互联网ETF发起式联接C"}
{"time": "2026-09-04 16:20:14", "event": "resolve_code", "query": "021378", "fund_code": "021378", "reason": "按基金代码识别", "score": 1.0, "matched_name": "兴业中证港股通互联网ETF联接C"}
{"time": "2026-09-04 16:20:14", "event": "resolve_code", "query": "027128", "fund_code": "027128", "reason": "按基金代码识别", "score": 1.0, "matched_name": "国泰中证港股通互联网ETF发起联接C"}
{"time": "2026-09-04 16:20:14", "event": "resolve_code", "query": "023764", "fund_code": "023764", "reason": "按基金代码识别", "score": 1.0, "matched_name": "华夏恒生互联网科技业ETF发起式联接(QDII)D"}
{"time": "2026-09-04 16:20:14", "event": "resolve_code", "query": "011925", "fund_code": "011925", "reason": "按基金代码识别", "score": 1.0, "matched_name": "嘉实港股互联网产业核心资产C"}
{"time": "2026-09-04 16:20:14", "event": "resolve_code", "query": "004753", "fund_code": "004753", "reason": "按基金代码识别", "score": 1.0, "matched_name": "广发中证传媒ETF联接C"}
{"time": "2026-09-04 16:20:14", "event": "resolve_code", "query": "015675", "fund_code": "015675", "reason": "按基金代码识别", "score": 1.0, "matched_name": "鹏华中证传媒指数(LOF)C"}
{"time": "2026-09-04 16:20:14", "event": "resolve_code", "query": "010677", "fund_code": "010677", "reason": "按基金代码识别", "score": 1.0, "matched_name": "工银传媒指数C"}
{"time": "2026-09-04 16:20:14", "event": "resolve_code", "query": "164818", "fund_code": "164818", "reason": "按基金代码识别", "score": 1.0, "matched_name": "工银传媒指数A"}
{"time": "2026-09-04 16:20:14", "event": "resolve_code", "query": "012769", "fund_code": "012769", "reason": "按基金代码识别", "score": 1.0, "matched_name": "华夏中证动漫游戏ETF发起式联接C"}
{"time": "2026-09-04 16:20:14", "event": "resolve_code", "query": "012729", "fund_code": "012729", "reason": "按基金代码识别", "score": 1.0, "matched_name": "国泰中证动漫游戏ETF联接C"}
{"time": "2026-09-04 16:20:14", "event": "resolve_code", "query": "018590", "fund_code": "018590", "reason": "按基金代码识别", "score": 1.0, "matched_name": "银华体育文化灵活配置混合C"}
{"time": "2026-09-04 16:20:15", "event": "resolve_code", "query": "013278", "fund_code": "013278", "reason": "按基金代码识别", "score": 1.0, "matched_name": "富国中证体育产业指数(LOF)C"}
{"time": "2026-09-04 16:20:15", "event": "resolve_code", "query": "002583", "fund_code": "002583", "reason": "按基金代码识别", "score": 1.0, "matched_name": "泰信行业精选混合C"}
{"time": "2026-09-04 16:20:15", "event": "resolve_code", "query": "027762", "fund_code": "027762", "reason": "按基金代码识别", "score": 1.0, "matched_name": "广发国证粮食产业ETF发起式联接C"}
{"time": "2026-09-04 16:20:15", "event": "resolve_code", "query": "012725", "fund_code": "012725", "reason": "按基金代码识别", "score": 1.0, "matched_name": "国泰中证畜牧养殖ETF联接C"}
{"time": "2026-09-04 16:20:15", "event": "resolve_code", "query": "014415", "fund_code": "014415", "reason": "按基金代码识别", "score": 1.0, "matched_name": "招商中证畜牧养殖ETF联接C"}
{"time": "2026-09-04 16:20:15", "event": "resolve_code", "query": "014064", "fund_code": "014064", "reason": "按基金代码识别", "score": 1.0, "matched_name": "银华农业产业股票发起式C"}
{"time": "2026-09-04 16:20:15", "event": "resolve_code", "query": "008425", "fund_code": "008425", "reason": "按基金代码识别", "score": 1.0, "matched_name": "国联品牌优选混合C"}
{"time": "2026-09-04 16:20:15", "event": "resolve_code", "query": "027711", "fund_code": "027711", "reason": "按基金代码识别", "score": 1.0, "matched_name": "汇添富中证畜牧养殖产业ETF发起式联接C"}
{"time": "2026-09-04 16:20:15", "event": "resolve_code", "query": "015468", "fund_code": "015468", "reason": "按基金代码识别", "score": 1.0, "matched_name": "嘉实农业产业股票C"}
{"time": "2026-09-04 16:20:15", "event": "resolve_code", "query": "015210", "fund_code": "015210", "reason": "按基金代码识别", "score": 1.0, "matched_name": "前海开源沪港深农业混合C"}
{"time": "2026-09-04 16:20:15", "event": "resolve_code", "query": "010770", "fund_code": "010770", "reason": "按基金代码识别", "score": 1.0, "matched_name": "天弘中证农业主题ETF联接C"}
{"time": "2026-09-04 16:20:15", "event": "resolve_code", "query": "015879", "fund_code": "015879", "reason": "按基金代码识别", "score": 1.0, "matched_name": "富国中证农业主题ETF联接C"}
{"time": "2026-09-04 16:20:15", "event": "resolve_code", "query": "021831", "fund_code": "021831", "reason": "按基金代码识别", "score": 1.0, "matched_name": "国寿安保农业产业股票发起式C"}
{"time": "2026-09-04 16:20:15", "event": "resolve_code", "query": "028552", "fund_code": "028552", "reason": "按基金代码识别", "score": 1.0, "matched_name": "招商国证粮食产业指数发起式C"}
{"time": "2026-09-04 16:20:15", "event": "resolve_code", "query": "021087", "fund_code": "021087", "reason": "按基金代码识别", "score": 1.0, "matched_name": "鹏华国证粮食产业ETF发起式联接C"}
{"time": "2026-09-04 16:20:15", "event": "resolve_code", "query": "020651", "fund_code": "020651", "reason": "按基金代码识别", "score": 1.0, "matched_name": "博时国证粮食产业ETF发起式联接C"}
{"time": "2026-09-04 16:20:15", "event": "resolve_code", "query": "015484", "fund_code": "015484", "reason": "按基金代码识别", "score": 1.0, "matched_name": "前海开源中证大农业指数增强C"}
{"time": "2026-09-04 16:20:15", "event": "user_fix", "query": "017103", "fund_code": "017103", "reason": "用户手动修正", "score": null, "matched_name": "大摩数字经济混合C"}
{"time": "2026-09-04 16:20:15", "event": "user_fix", "query": "016371", "fund_code": "016371", "reason": "用户手动修正", "score": null, "matched_name": "信澳业绩驱动混合C"}
{"time": "2026-09-04 16:20:15", "event": "user_fix", "query": "021934", "fund_code": "021934", "reason": "用户手动修正", "score": null, "matched_name": "富国中证通信设备主题ETF发起式联接C"}
{"time": "2026-09-04 16:20:15", "event": "user_fix", "query": "540010", "fund_code": "540010", "reason": "用户手动修正", "score": null, "matched_name": "汇丰晋信科技先锋股票"}
{"time": "2026-09-04 16:20:15", "event": "user_fix", "query": "018957", "fund_code": "018957", "reason": "用户手动修正", "score": null, "matched_name": "中航机遇领航混合发起C"}
{"time": "2026-09-04 16:20:15", "event": "user_fix", "query": "026137", "fund_code": "026137", "reason": "用户手动修正", "score": null, "matched_name": "山证资管策略精选混合C"}
{"time": "2026-09-04 16:20:15", "event": "user_fix", "query": "024434", "fund_code": "024434", "reason": "用户手动修正", "score": null, "matched_name": "嘉实成长共赢混合C"}
{"time": "2026-09-04 16:20:15", "event": "user_fix", "query": "011120", "fund_code": "011120", "reason": "用户手动修正", "score": null, "matched_name": "富国创新科技混合C"}
{"time": "2026-09-04 16:20:15", "event": "user_fix", "query": "016173", "fund_code": "016173", "reason": "用户手动修正", "score": null, "matched_name": "汇添富优势企业精选混合C"}
{"time": "2026-09-04 16:20:15", "event": "user_fix", "query": "018291", "fund_code": "018291", "reason": "用户手动修正", "score": null, "matched_name": "广发新兴成长混合C"}
{"time": "2026-09-04 16:20:15", "event": "user_fix", "query": "026476", "fund_code": "026476", "reason": "用户手动修正", "score": null, "matched_name": "西部利得创新驱动鑫选混合发起C"}
{"time": "2026-09-04 16:20:15", "event": "user_fix", "query": "023286", "fund_code": "023286", "reason": "用户手动修正", "score": null, "matched_name": "前海开源人工智能主题混合C"}
{"time": "2026-09-04 16:20:15", "event": "user_fix", "query": "025348", "fund_code": "025348", "reason": "用户手动修正", "score": null, "matched_name": "华商优势行业混合C"}
{"time": "2026-09-04 16:20:15", "event": "user_fix", "query": "006080", "fund_code": "006080", "reason": "用户手动修正", "score": null, "matched_name": "海富通电子传媒股票C"}
{"time": "2026-09-04 16:20:15", "event": "user_fix", "query": "025881", "fund_code": "025881", "reason": "用户手动修正", "score": null, "matched_name": "汇添富科技领先混合C"}
{"time": "2026-09-04 16:20:15", "event": "user_fix", "query": "011412", "fund_code": "011412", "reason": "用户手动修正", "score": null, "matched_name": "易方达远见成长混合C"}
{"time": "2026-09-04 16:20:15", "event": "user_fix", "query": "026211", "fund_code": "026211", "reason": "用户手动修正", "score": null, "matched_name": "平安科技精选混合发起式C"}
{"time": "2026-09-04 16:20:15", "event": "user_fix", "query": "012497", "fund_code": "012497", "reason": "用户手动修正", "score": null, "matched_name": "同泰行业优选股票C"}
{"time": "2026-09-04 16:20:15", "event": "user_fix", "query": "011892", "fund_code": "011892", "reason": "用户手动修正", "score": null, "matched_name": "易方达先锋成长混合C"}
{"time": "2026-09-04 16:20:15", "event": "user_fix", "query": "001438", "fund_code": "001438", "reason": "用户手动修正", "score": null, "matched_name": "易方达瑞享混合E"}
{"time": "2026-09-04 16:20:15", "event": "user_fix", "query": "024473", "fund_code": "024473", "reason": "用户手动修正", "score": null, "matched_name": "信澳优势行业混合A"}
{"time": "2026-09-04 16:20:15", "event": "user_fix", "query": "024460", "fund_code": "024460", "reason": "用户手动修正", "score": null, "matched_name": "华商致远回报混合C"}
{"time": "2026-09-04 16:20:15", "event": "user_fix", "query": "008327", "fund_code": "008327", "reason": "用户手动修正", "score": null, "matched_name": "东财通信C"}
{"time": "2026-09-04 16:20:15", "event": "user_fix", "query": "006888", "fund_code": "006888", "reason": "用户手动修正", "score": null, "matched_name": "诺德新生活混合C"}
{"time": "2026-09-04 16:20:15", "event": "user_fix", "query": "008984", "fund_code": "008984", "reason": "用户手动修正", "score": null, "matched_name": "财通科技创新混合C"}
{"time": "2026-09-04 16:20:15", "event": "user_fix", "query": "013722", "fund_code": "013722", "reason": "用户手动修正", "score": null, "matched_name": "信澳景气优选混合C"}
{"time": "2026-09-04 16:20:15", "event": "user_fix", "query": "501205", "fund_code": "501205", "reason": "用户手动修正", "score": null, "matched_name": "鹏华创新未来混合(LOF)C"}
{"time": "2026-09-04 16:20:15", "event": "user_fix", "query": "018288", "fund_code": "018288", "reason": "用户手动修正", "score": null, "matched_name": "信澳优势产业混合C"}
{"time": "2026-09-04 16:20:15", "event": "user_fix", "query": "015772", "fund_code": "015772", "reason": "用户手动修正", "score": null, "matched_name": "银华互联网主题灵活配置混合C"}
{"time": "2026-09-04 16:20:15", "event": "user_fix", "query": "018211", "fund_code": "018211", "reason": "用户手动修正", "score": null, "matched_name": "红土创新景气回报混合C"}
{"time": "2026-09-04 16:20:15", "event": "user_fix", "query": "025660", "fund_code": "025660", "reason": "用户手动修正", "score": null, "matched_name": "招商中国机遇股票C"}
{"time": "2026-09-04 16:20:15", "event": "user_fix", "query": "501201", "fund_code": "501201", "reason": "用户手动修正", "score": null, "matched_name": "红土创新科技创新股票(LOF)A"}
{"time": "2026-09-04 16:20:15", "event": "user_fix", "query": "001956", "fund_code": "001956", "reason": "用户手动修正", "score": null, "matched_name": "国联安科技动力"}
{"time": "2026-09-04 16:20:15", "event": "user_fix", "query": "010238", "fund_code": "010238", "reason": "用户手动修正", "score": null, "matched_name": "安信创新先锋混合发起C"}
{"time": "2026-09-04 16:20:15", "event": "user_fix", "query": "013470", "fund_code": "013470", "reason": "用户手动修正", "score": null, "matched_name": "泰信低碳经济混合发起式C"}
{"time": "2026-09-04 16:20:15", "event": "user_fix", "query": "006503", "fund_code": "006503", "reason": "用户手动修正", "score": null, "matched_name": "财通集成电路产业股票C"}
{"time": "2026-09-04 16:20:15", "event": "user_fix", "query": "011370", "fund_code": "011370", "reason": "用户手动修正", "score": null, "matched_name": "华商均衡成长混合C"}
{"time": "2026-09-04 16:20:15", "event": "user_fix", "query": "016234", "fund_code": "016234", "reason": "用户手动修正", "score": null, "matched_name": "财通景气行业混合C"}
{"time": "2026-09-04 16:20:15", "event": "user_fix", "query": "010034", "fund_code": "010034", "reason": "用户手动修正", "score": null, "matched_name": "安信成长精选混合C"}
{"time": "2026-09-04 16:20:15", "event": "user_fix", "query": "005959", "fund_code": "005959", "reason": "用户手动修正", "score": null, "matched_name": "财通新视野灵活配置混合C"}
{"time": "2026-09-04 16:20:15", "event": "user_fix", "query": "002771", "fund_code": "002771", "reason": "用户手动修正", "score": null, "matched_name": "安信新回报混合C"}
{"time": "2026-09-04 16:20:15", "event": "user_fix", "query": "011452", "fund_code": "011452", "reason": "用户手动修正", "score": null, "matched_name": "华泰柏瑞质量成长C"}
{"time": "2026-09-04 16:20:15", "event": "user_fix", "query": "026155", "fund_code": "026155", "reason": "用户手动修正", "score": null, "matched_name": "红土创新新科技股票C"}
{"time": "2026-09-04 16:20:15", "event": "user_fix", "query": "021957", "fund_code": "021957", "reason": "用户手动修正", "score": null, "matched_name": "红土创新智能制造混合型发起式C"}
{"time": "2026-09-04 16:20:15", "event": "user_fix", "query": "010416", "fund_code": "010416", "reason": "用户手动修正", "score": null, "matched_name": "华泰柏瑞质量精选混合C"}
{"time": "2026-09-04 16:20:15", "event": "user_fix", "query": "017612", "fund_code": "017612", "reason": "用户手动修正", "score": null, "matched_name": "宏利复兴混合C"}
{"time": "2026-09-04 16:20:15", "event": "user_fix", "query": "015576", "fund_code": "015576", "reason": "用户手动修正", "score": null, "matched_name": "宏利绩优混合C"}
{"time": "2026-09-04 16:20:15", "event": "user_fix", "query": "004320", "fund_code": "004320", "reason": "用户手动修正", "score": null, "matched_name": "前海开源沪港深乐享生活"}
{"time": "2026-09-04 16:20:15", "event": "user_fix", "query": "010623", "fund_code": "010623", "reason": "用户手动修正", "score": null, "matched_name": "恒越成长精选混合C"}
{"time": "2026-09-04 16:20:15", "event": "user_fix", "query": "021528", "fund_code": "021528", "reason": "用户手动修正", "score": null, "matched_name": "财通成长优选混合C"}
{"time": "2026-09-04 16:20:15", "event": "user_fix", "query": "014581", "fund_code": "014581", "reason": "用户手动修正", "score": null, "matched_name": "东吴阿尔法灵活配置混合C"}
{"time": "2026-09-04 16:20:15", "event": "user_fix", "query": "024593", "fund_code": "024593", "reason": "用户手动修正", "score": null, "matched_name": "圆信永丰科技驱动混合发起C"}
{"time": "2026-09-04 16:20:15", "event": "user_fix", "query": "009883", "fund_code": "009883", "reason": "用户手动修正", "score": null, "matched_name": "华润元大核心动力混合C"}
{"time": "2026-09-04 16:20:15", "event": "user_fix", "query": "021523", "fund_code": "021523", "reason": "用户手动修正", "score": null, "matched_name": "财通价值动量混合C"}
{"time": "2026-09-04 16:20:15", "event": "user_fix", "query": "024481", "fund_code": "024481", "reason": "用户手动修正", "score": null, "matched_name": "财通品质甄选混合C"}
{"time": "2026-09-04 16:20:15", "event": "user_fix", "query": "001701", "fund_code": "001701", "reason": "用户手动修正", "score": null, "matched_name": "国联产业升级混合"}
{"time": "2026-09-04 16:20:15", "event": "user_fix", "query": "005359", "fund_code": "005359", "reason": "用户手动修正", "score": null, "matched_name": "东方阿尔法精选混合C"}
{"time": "2026-09-04 16:20:15", "event": "user_fix", "query": "020065", "fund_code": "020065", "reason": "用户手动修正", "score": null, "matched_name": "西部利得科技创新混合C"}
{"time": "2026-09-04 16:20:15", "event": "user_fix", "query": "010491", "fund_code": "010491", "reason": "用户手动修正", "score": null, "matched_name": "鹏华高质量增长混合C"}
{"time": "2026-09-04 16:20:15", "event": "user_fix", "query": "017511", "fund_code": "017511", "reason": "用户手动修正", "score": null, "matched_name": "鹏华稳健回报混合C"}
{"time": "2026-09-04 16:20:15", "event": "user_fix", "query": "001537", "fund_code": "001537", "reason": "用户手动修正", "score": null, "matched_name": "中加改革红利混合"}
{"time": "2026-09-04 16:20:15", "event": "user_fix", "query": "003153", "fund_code": "003153", "reason": "用户手动修正", "score": null, "matched_name": "华富天鑫灵活配置混合C"}
{"time": "2026-09-04 16:20:15", "event": "user_fix", "query": "024203", "fund_code": "024203", "reason": "用户手动修正", "score": null, "matched_name": "永赢制造升级智选混合发起C"}
{"time": "2026-09-04 16:20:15", "event": "user_fix", "query": "021095", "fund_code": "021095", "reason": "用户手动修正", "score": null, "matched_name": "东方低碳经济混合C"}
{"time": "2026-09-04 16:20:15", "event": "user_fix", "query": "026563", "fund_code": "026563", "reason": "用户手动修正", "score": null, "matched_name": "国泰海通制造升级睿选混合发起C"}
{"time": "2026-09-04 16:20:15", "event": "user_fix", "query": "022891", "fund_code": "022891", "reason": "用户手动修正", "score": null, "matched_name": "国联物联网主题C"}
{"time": "2026-09-04 16:20:15", "event": "user_fix", "query": "026623", "fund_code": "026623", "reason": "用户手动修正", "score": null, "matched_name": "招商上证科创板芯片设计主题ETF发起式联接C"}
{"time": "2026-09-04 16:20:15", "event": "user_fix", "query": "008981", "fund_code": "008981", "reason": "用户手动修正", "score": null, "matched_name": "中邮科技创新精选混合C"}
{"time": "2026-09-04 16:20:15", "event": "user_fix", "query": "027521", "fund_code": "027521", "reason": "用户手动修正", "score": null, "matched_name": "广发科创芯片设计ETF联接C"}
{"time": "2026-09-04 16:20:15", "event": "user_fix", "query": "027537", "fund_code": "027537", "reason": "用户手动修正", "score": null, "matched_name": "长城上证科创板芯片设计指数发起C"}
{"time": "2026-09-04 16:20:15", "event": "user_fix", "query": "021608", "fund_code": "021608", "reason": "用户手动修正", "score": null, "matched_name": "南方上证科创板芯片ETF发起联接C"}
{"time": "2026-09-04 16:20:15", "event": "user_fix", "query": "008888", "fund_code": "008888", "reason": "用户手动修正", "score": null, "matched_name": "华夏国证半导体芯片ETF联接C"}
{"time": "2026-09-04 16:20:15", "event": "user_fix", "query": "012630", "fund_code": "012630", "reason": "用户手动修正", "score": null, "matched_name": "广发国证半导体芯片ETF联接C"}
{"time": "2026-09-04 16:20:15", "event": "user_fix", "query": "021492", "fund_code": "021492", "reason": "用户手动修正", "score": null, "matched_name": "中航远见领航混合发起C"}
{"time": "2026-09-04 16:20:15", "event": "user_fix", "query": "021627", "fund_code": "021627", "reason": "用户手动修正", "score": null, "matched_name": "华富半导体产业混合发起式C"}
{"time": "2026-09-04 16:20:15", "event": "user_fix", "query": "014419", "fund_code": "014419", "reason": "用户手动修正", "score": null, "matched_name": "西部利得CES芯片指数增强C"}
{"time": "2026-09-04 16:20:15", "event": "user_fix", "query": "020554", "fund_code": "020554", "reason": "用户手动修正", "score": null, "matched_name": "南方半导体产业股票发起C"}
{"time": "2026-09-04 16:20:15", "event": "user_fix", "query": "020671", "fund_code": "020671", "reason": "用户手动修正", "score": null, "matched_name": "易方达科创芯片ETF联接C"}
{"time": "2026-09-04 16:20:15", "event": "user_fix", "query": "020629", "fund_code": "020629", "reason": "用户手动修正", "score": null, "matched_name": "汇添富科创芯片ETF联接C"}
{"time": "2026-09-04 16:20:15", "event": "user_fix", "query": "013340", "fund_code": "013340", "reason": "用户手动修正", "score": null, "matched_name": "创金合信芯片产业股票发起C"}
{"time": "2026-09-04 16:20:15", "event": "user_fix", "query": "020227", "fund_code": "020227", "reason": "用户手动修正", "score": null, "matched_name": "国泰中证全指集成电路ETF发起联接C"}
{"time": "2026-09-04 16:20:15", "event": "user_fix", "query": "014194", "fund_code": "014194", "reason": "用户手动修正", "score": null, "matched_name": "汇添富中证芯片产业指数增强发起式C"}
{"time": "2026-09-04 16:20:15", "event": "user_fix", "query": "026213", "fund_code": "026213", "reason": "用户手动修正", "score": null, "matched_name": "工银科技智选混合C"}
{"time": "2026-09-04 16:20:15", "event": "user_fix", "query": "001678", "fund_code": "001678", "reason": "用户手动修正", "score": null, "matched_name": "英大国企改革A"}
{"time": "2026-09-04 16:20:15", "event": "user_fix", "query": "022868", "fund_code": "022868", "reason": "用户手动修正", "score": null, "matched_name": "英大国企改革C"}
{"time": "2026-09-04 16:20:15", "event": "user_fix", "query": "007301", "fund_code": "007301", "reason": "用户手动修正", "score": null, "matched_name": "国联安中证半导体ETF联接C"}
{"time": "2026-09-04 16:20:15", "event": "user_fix", "query": "020483", "fund_code": "020483", "reason": "用户手动修正", "score": null, "matched_name": "中欧中证芯片产业指数发起C"}
{"time": "2026-09-04 16:20:15", "event": "user_fix", "query": "014143", "fund_code": "014143", "reason": "用户手动修正", "score": null, "matched_name": "银河创新成长混合C"}
{"time": "2026-09-04 16:20:15", "event": "user_fix", "query": "012651", "fund_code": "012651", "reason": "用户手动修正", "score": null, "matched_name": "博时半导体主题混合C"}
{"time": "2026-09-04 16:20:15", "event": "user_fix", "query": "020465", "fund_code": "020465", "reason": "用户手动修正", "score": null, "matched_name": "招商中证半导体产业ETF发起式联接C"}
{"time": "2026-09-04 16:20:15", "event": "user_fix", "query": "003235", "fund_code": "003235", "reason": "用户手动修正", "score": null, "matched_name": "中信保诚至利混合C"}
{"time": "2026-09-04 16:20:15", "event": "user_fix", "query": "016501", "fund_code": "016501", "reason": "用户手动修正", "score": null, "matched_name": "华夏半导体龙头混合发起C"}
{"time": "2026-09-04 16:20:15", "event": "user_fix", "query": "014549", "fund_code": "014549", "reason": "用户手动修正", "score": null, "matched_name": "交银数据产业灵活配置混合C"}
{"time": "2026-09-04 16:20:15", "event": "user_fix", "query": "016052", "fund_code": "016052", "reason": "用户手动修正", "score": null, "matched_name": "华商改革创新股票C"}
{"time": "2026-09-04 16:20:15", "event": "user_fix", "query": "001479", "fund_code": "001479", "reason": "用户手动修正", "score": null, "matched_name": "中邮风格轮动灵活配置混合"}
{"time": "2026-09-04 16:20:15", "event": "user_fix", "query": "015159", "fund_code": "015159", "reason": "用户手动修正", "score": null, "matched_name": "申万菱信智能驱动股票C"}
{"time": "2026-09-04 16:20:15", "event": "user_fix", "query": "009708", "fund_code": "009708", "reason": "用户手动修正", "score": null, "matched_name": "工银新兴制造混合C"}
{"time": "2026-09-04 16:20:15", "event": "user_fix", "query": "015456", "fund_code": "015456", "reason": "用户手动修正", "score": null, "matched_name": "信澳领先增长混合C"}
{"time": "2026-09-04 16:20:15", "event": "user_fix", "query": "026733", "fund_code": "026733", "reason": "用户手动修正", "score": null, "matched_name": "广发成长甄选混合C"}
{"time": "2026-09-04 16:20:15", "event": "user_fix", "query": "002163", "fund_code": "002163", "reason": "用户手动修正", "score": null, "matched_name": "东方惠新灵活配置混合C"}
{"time": "2026-09-04 16:20:15", "event": "user_fix", "query": "005777", "fund_code": "005777", "reason": "用户手动修正", "score": null, "matched_name": "广发科技动力股票"}
{"time": "2026-09-04 16:20:15", "event": "user_fix", "query": "015968", "fund_code": "015968", "reason": "用户手动修正", "score": null, "matched_name": "永赢半导体产业智选混合发起C"}
{"time": "2026-09-04 16:20:15", "event": "user_fix", "query": "013312", "fund_code": "013312", "reason": "用户手动修正", "score": null, "matched_name": "工银主题策略混合C"}
{"time": "2026-09-04 16:20:15", "event": "user_fix", "query": "020470", "fund_code": "020470", "reason": "用户手动修正", "score": null, "matched_name": "长城半导体混合发起式C"}
{"time": "2026-09-04 16:20:15", "event": "user_fix", "query": "019925", "fund_code": "019925", "reason": "用户手动修正", "score": null, "matched_name": "华宝竞争优势混合C"}
{"time": "2026-09-04 16:20:15", "event": "user_fix", "query": "014497", "fund_code": "014497", "reason": "用户手动修正", "score": null, "matched_name": "诺安研究优选混合C"}
{"time": "2026-09-04 16:20:15", "event": "user_fix", "query": "002051", "fund_code": "002051", "reason": "用户手动修正", "score": null, "matched_name": "诺安创新驱动混合C"}
{"time": "2026-09-04 16:20:15", "event": "user_fix", "query": "019114", "fund_code": "019114", "reason": "用户手动修正", "score": null, "matched_name": "东财慧心优选C"}
{"time": "2026-09-04 16:20:15", "event": "user_fix", "query": "020436", "fund_code": "020436", "reason": "用户手动修正", "score": null, "matched_name": "金信稳健策略混合C"}
{"time": "2026-09-04 16:20:15", "event": "user_fix", "query": "020451", "fund_code": "020451", "reason": "用户手动修正", "score": null, "matched_name": "金信行业优选混合发起式C"}
{"time": "2026-09-04 16:20:15", "event": "user_fix", "query": "024169", "fund_code": "024169", "reason": "用户手动修正", "score": null, "matched_name": "信澳先进智造股票型C"}
{"time": "2026-09-04 16:20:15", "event": "user_fix", "query": "014855", "fund_code": "014855", "reason": "用户手动修正", "score": null, "matched_name": "嘉实中证半导体指数增强发起式C"}
{"time": "2026-09-04 16:20:15", "event": "user_fix", "query": "026333", "fund_code": "026333", "reason": "用户手动修正", "score": null, "matched_name": "广发盛世精选混合C"}
{"time": "2026-09-04 16:20:15", "event": "user_fix", "query": "017811", "fund_code": "017811", "reason": "用户手动修正", "score": null, "matched_name": "东方人工智能主题混合C"}
{"time": "2026-09-04 16:20:15", "event": "user_fix", "query": "014300", "fund_code": "014300", "reason": "用户手动修正", "score": null, "matched_name": "宏利先进制造股票C"}
{"time": "2026-09-04 16:20:15", "event": "user_fix", "query": "024424", "fund_code": "024424", "reason": "用户手动修正", "score": null, "matched_name": "东方阿尔法科技优选混合发起C"}
{"time": "2026-09-04 16:20:15", "event": "user_fix", "query": "162214", "fund_code": "162214", "reason": "用户手动修正", "score": null, "matched_name": "宏利领先中小盘混合"}
{"time": "2026-09-04 16:20:15", "event": "user_fix", "query": "027329", "fund_code": "027329", "reason": "用户手动修正", "score": null, "matched_name": "浦银半导体产业混合C"}
{"time": "2026-09-04 16:20:15", "event": "user_fix", "query": "016721", "fund_code": "016721", "reason": "用户手动修正", "score": null, "matched_name": "前海开源高端装备制造混合C"}
{"time": "2026-09-04 16:20:15", "event": "user_fix", "query": "020640", "fund_code": "020640", "reason": "用户手动修正", "score": null, "matched_name": "广发半导体设备ETF联接C"}
{"time": "2026-09-04 16:20:15", "event": "user_fix", "query": "020357", "fund_code": "020357", "reason": "用户手动修正", "score": null, "matched_name": "华夏半导体材料设备ETF联接C"}
{"time": "2026-09-04 16:20:15", "event": "user_fix", "query": "025687", "fund_code": "025687", "reason": "用户手动修正", "score": null, "matched_name": "国泰半导体制造精选混合发起C"}
{"time": "2026-09-04 16:20:15", "event": "user_fix", "query": "021894", "fund_code": "021894", "reason": "用户手动修正", "score": null, "matched_name": "易方达半导体设备ETF联接C"}
{"time": "2026-09-04 16:20:15", "event": "user_fix", "query": "019633", "fund_code": "019633", "reason": "用户手动修正", "score": null, "matched_name": "国泰半导体设备ETF联接C"}
{"time": "2026-09-04 16:20:15", "event": "user_fix", "query": "023829", "fund_code": "023829", "reason": "用户手动修正", "score": null, "matched_name": "万家中证半导体材料设备主题ETF发起式联接C"}
{"time": "2026-09-04 16:20:15", "event": "user_fix", "query": "021594", "fund_code": "021594", "reason": "用户手动修正", "score": null, "matched_name": "上银数字经济混合发起式C"}
{"time": "2026-09-04 16:20:15", "event": "user_fix", "query": "007639", "fund_code": "007639", "reason": "用户手动修正", "score": null, "matched_name": "汇添富竞争优势灵活配置混合"}
{"time": "2026-09-04 16:20:15", "event": "user_fix", "query": "024418", "fund_code": "024418", "reason": "用户手动修正", "score": null, "matched_name": "华夏上证科创板半导体材料设备主题ETF发起式联接C"}
{"time": "2026-09-04 16:20:15", "event": "user_fix", "query": "024975", "fund_code": "024975", "reason": "用户手动修正", "score": null, "matched_name": "华泰柏瑞上证科创板半导体材料设备主题ETF发起式联接C"}
{"time": "2026-09-04 16:20:15", "event": "user_fix", "query": "015585", "fund_code": "015585", "reason": "用户手动修正", "score": null, "matched_name": "国泰优势行业混合C"}
{"time": "2026-09-04 16:20:15", "event": "user_fix", "query": "007491", "fund_code": "007491", "reason": "用户手动修正", "score": null, "matched_name": "南方信息创新混合C"}
{"time": "2026-09-04 16:20:15", "event": "user_fix", "query": "014989", "fund_code": "014989", "reason": "用户手动修正", "score": null, "matched_name": "国泰新经济灵活配置混合C"}
{"time": "2026-09-04 16:20:15", "event": "user_fix", "query": "022335", "fund_code": "022335", "reason": "用户手动修正", "score": null, "matched_name": "广发产业甄选混合C"}
{"time": "2026-09-04 16:20:15", "event": "user_fix", "query": "005629", "fund_code": "005629", "reason": "用户手动修正", "score": null, "matched_name": "汇安趋势动力股票C"}
{"time": "2026-09-04 16:20:15", "event": "user_fix", "query": "019764", "fund_code": "019764", "reason": "用户手动修正", "score": null, "matched_name": "中欧半导体产业股票发起C"}
{"time": "2026-09-04 16:20:15", "event": "user_fix", "query": "014953", "fund_code": "014953", "reason": "用户手动修正", "score": null, "matched_name": "信澳至诚精选混合C"}
{"time": "2026-09-04 16:20:15", "event": "user_fix", "query": "019689", "fund_code": "019689", "reason": "用户手动修正", "score": null, "matched_name": "南方中国梦灵活配置混合C"}
{"time": "2026-09-04 16:20:15", "event": "user_fix", "query": "026262", "fund_code": "026262", "reason": "用户手动修正", "score": null, "matched_name": "银华智享混合C"}
{"time": "2026-09-04 16:20:15", "event": "user_fix", "query": "013841", "fund_code": "013841", "reason": "用户手动修正", "score": null, "matched_name": "银华集成电路混合C"}
{"time": "2026-09-04 16:20:15", "event": "user_fix", "query": "016262", "fund_code": "016262", "reason": "用户手动修正", "score": null, "matched_name": "银华智荟内在价值灵活配置混合发起C"}
{"time": "2026-09-04 16:20:15", "event": "user_fix", "query": "026633", "fund_code": "026633", "reason": "用户手动修正", "score": null, "matched_name": "平安半导体领航精选混合发起式C"}
{"time": "2026-09-04 16:20:15", "event": "user_fix", "query": "021391", "fund_code": "021391", "reason": "用户手动修正", "score": null, "matched_name": "东兴成长优选混合发起C"}
{"time": "2026-09-04 16:20:15", "event": "user_fix", "query": "014737", "fund_code": "014737", "reason": "用户手动修正", "score": null, "matched_name": "创金合信专精特新股票发起C"}
{"time": "2026-09-04 16:20:15", "event": "user_fix", "query": "001470", "fund_code": "001470", "reason": "用户手动修正", "score": null, "matched_name": "融通通鑫灵活配置混合A"}
{"time": "2026-09-04 16:20:15", "event": "user_fix", "query": "018345", "fund_code": "018345", "reason": "用户手动修正", "score": null, "matched_name": "华夏中证机器人ETF发起式联接C"}
{"time": "2026-09-04 16:20:15", "event": "user_fix", "query": "020482", "fund_code": "020482", "reason": "用户手动修正", "score": null, "matched_name": "招商中证机器人ETF发起联接C"}
{"time": "2026-09-04 16:20:15", "event": "user_fix", "query": "018241", "fund_code": "018241", "reason": "用户手动修正", "score": null, "matched_name": "嘉实制造升级股票发起式C"}
{"time": "2026-09-04 16:20:15", "event": "user_fix", "query": "014409", "fund_code": "014409", "reason": "用户手动修正", "score": null, "matched_name": "创金合信兴选产业趋势混合C"}
{"time": "2026-09-04 16:20:15", "event": "user_fix", "query": "007519", "fund_code": "007519", "reason": "用户手动修正", "score": null, "matched_name": "东方阿尔法优选混合C"}
{"time": "2026-09-04 16:20:15", "event": "user_fix", "query": "001271", "fund_code": "001271", "reason": "用户手动修正", "score": null, "matched_name": "英大灵活配置混合型发起式B"}
{"time": "2026-09-04 16:20:15", "event": "user_fix", "query": "026254", "fund_code": "026254", "reason": "用户手动修正", "score": null, "matched_name": "国泰产业升级混合发起C"}
{"time": "2026-09-04 16:20:15", "event": "user_fix", "query": "014939", "fund_code": "014939", "reason": "用户手动修正", "score": null, "matched_name": "同泰产业升级混合C"}
{"time": "2026-09-04 16:20:15", "event": "user_fix", "query": "016076", "fund_code": "016076", "reason": "用户手动修正", "score": null, "matched_name": "华夏智造升级混合C"}
{"time": "2026-09-04 16:20:15", "event": "user_fix", "query": "014700", "fund_code": "014700", "reason": "用户手动修正", "score": null, "matched_name": "东方高端制造混合C"}
{"time": "2026-09-04 16:20:15", "event": "user_fix", "query": "017994", "fund_code": "017994", "reason": "用户手动修正", "score": null, "matched_name": "方正富邦远见成长混合C"}
{"time": "2026-09-04 16:20:15", "event": "user_fix", "query": "005165", "fund_code": "005165", "reason": "用户手动修正", "score": null, "matched_name": "富荣福锦混合C"}
{"time": "2026-09-04 16:20:15", "event": "user_fix", "query": "000796", "fund_code": "000796", "reason": "用户手动修正", "score": null, "matched_name": "宝盈睿丰创新混合C"}
{"time": "2026-09-04 16:20:15", "event": "user_fix", "query": "023567", "fund_code": "023567", "reason": "用户手动修正", "score": null, "matched_name": "德邦高端装备混合发起式C"}
{"time": "2026-09-04 16:20:15", "event": "user_fix", "query": "008998", "fund_code": "008998", "reason": "用户手动修正", "score": null, "matched_name": "同泰竞争优势混合C"}
{"time": "2026-09-04 16:20:15", "event": "user_fix", "query": "021490", "fund_code": "021490", "reason": "用户手动修正", "score": null, "matched_name": "中航趋势领航混合发起C"}
{"time": "2026-09-04 16:20:15", "event": "user_fix", "query": "016531", "fund_code": "016531", "reason": "用户手动修正", "score": null, "matched_name": "鹏华碳中和主题混合C"}
{"time": "2026-09-04 16:20:15", "event": "user_fix", "query": "025942", "fund_code": "025942", "reason": "用户手动修正", "score": null, "matched_name": "广发新动力混合C"}
{"time": "2026-09-04 16:20:15", "event": "user_fix", "query": "001864", "fund_code": "001864", "reason": "用户手动修正", "score": null, "matched_name": "中海魅力长三角混合"}
{"time": "2026-09-04 16:20:15", "event": "user_fix", "query": "018125", "fund_code": "018125", "reason": "用户手动修正", "score": null, "matched_name": "永赢先进制造智选混合发起C"}
{"time": "2026-09-04 16:20:15", "event": "user_fix", "query": "008182", "fund_code": "008182", "reason": "用户手动修正", "score": null, "matched_name": "方正富邦信泓混合C"}
{"time": "2026-09-04 16:20:15", "event": "user_fix", "query": "001770", "fund_code": "001770", "reason": "用户手动修正", "score": null, "matched_name": "前海开源嘉鑫混合C"}
{"time": "2026-09-04 16:20:15", "event": "user_fix", "query": "024648", "fund_code": "024648", "reason": "用户手动修正", "score": null, "matched_name": "中欧制造升级混合发起C"}
{"time": "2026-09-04 16:20:15", "event": "user_fix", "query": "020477", "fund_code": "020477", "reason": "用户手动修正", "score": null, "matched_name": "泰康半导体量化选股股票发起式C"}
{"time": "2026-09-04 16:20:15", "event": "user_fix", "query": "026383", "fund_code": "026383", "reason": "用户手动修正", "score": null, "matched_name": "中航洞见领航混合C"}
{"time": "2026-09-04 16:20:15", "event": "user_fix", "query": "026397", "fund_code": "026397", "reason": "用户手动修正", "score": null, "matched_name": "鹏扬科技先锋混合C"}
{"time": "2026-09-04 16:20:15", "event": "user_fix", "query": "015528", "fund_code": "015528", "reason": "用户手动修正", "score": null, "matched_name": "弘毅远方汽车产业升级混合C"}
{"time": "2026-09-04 16:20:15", "event": "user_fix", "query": "026994", "fund_code": "026994", "reason": "用户手动修正", "score": null, "matched_name": "东方阿尔法瑞利混合发起C"}
{"time": "2026-09-04 16:20:15", "event": "user_fix", "query": "018123", "fund_code": "018123", "reason": "用户手动修正", "score": null, "matched_name": "永赢数字经济智选混合发起C"}
{"time": "2026-09-04 16:20:15", "event": "user_fix", "query": "011909", "fund_code": "011909", "reason": "用户手动修正", "score": null, "matched_name": "广发沪港深价值精选混合C"}
{"time": "2026-09-04 16:20:15", "event": "user_fix", "query": "019160", "fund_code": "019160", "reason": "用户手动修正", "score": null, "matched_name": "中欧产业领航混合C"}
{"time": "2026-09-04 16:20:15", "event": "user_fix", "query": "006271", "fund_code": "006271", "reason": "用户手动修正", "score": null, "matched_name": "汇安核心成长混合C"}
{"time": "2026-09-04 16:20:15", "event": "user_fix", "query": "015773", "fund_code": "015773", "reason": "用户手动修正", "score": null, "matched_name": "招商移动互联网产业股票基金C"}
{"time": "2026-09-04 16:20:15", "event": "user_fix", "query": "019427", "fund_code": "019427", "reason": "用户手动修正", "score": null, "matched_name": "中银数字经济混合C"}
{"time": "2026-09-04 16:20:15", "event": "user_fix", "query": "018289", "fund_code": "018289", "reason": "用户手动修正", "score": null, "matched_name": "广发趋势动力混合C"}
{"time": "2026-09-04 16:20:15", "event": "user_fix", "query": "015060", "fund_code": "015060", "reason": "用户手动修正", "score": null, "matched_name": "华夏节能环保股票C"}
{"time": "2026-09-04 16:20:15", "event": "user_fix", "query": "025793", "fund_code": "025793", "reason": "用户手动修正", "score": null, "matched_name": "东方阿尔法科技甄选混合发起C"}
{"time": "2026-09-04 16:20:15", "event": "user_fix", "query": "001042", "fund_code": "001042", "reason": "用户手动修正", "score": null, "matched_name": "华夏领先股票"}
{"time": "2026-09-04 16:20:15", "event": "user_fix", "query": "012383", "fund_code": "012383", "reason": "用户手动修正", "score": null, "matched_name": "宏利新兴景气龙头混合C"}
{"time": "2026-09-04 16:20:15", "event": "user_fix", "query": "026328", "fund_code": "026328", "reason": "用户手动修正", "score": null, "matched_name": "广发乾元价值增长混合C"}
{"time": "2026-09-04 16:20:15", "event": "user_fix", "query": "019412", "fund_code": "019412", "reason": "用户手动修正", "score": null, "matched_name": "长城新兴产业混合C"}
{"time": "2026-09-04 16:20:15", "event": "user_fix", "query": "012183", "fund_code": "012183", "reason": "用户手动修正", "score": null, "matched_name": "广发沪港深精选混合C"}
{"time": "2026-09-04 16:20:15", "event": "user_fix", "query": "026991", "fund_code": "026991", "reason": "用户手动修正", "score": null, "matched_name": "国泰产业智选混合发起C"}
{"time": "2026-09-04 16:20:15", "event": "user_fix", "query": "019116", "fund_code": "019116", "reason": "用户手动修正", "score": null, "matched_name": "东财卓越成长C"}
{"time": "2026-09-04 16:20:15", "event": "user_fix", "query": "015395", "fund_code": "015395", "reason": "用户手动修正", "score": null, "matched_name": "招商体育文化休闲股票C"}
{"time": "2026-09-04 16:20:15", "event": "user_fix", "query": "025884", "fund_code": "025884", "reason": "用户手动修正", "score": null, "matched_name": "东方城镇消费主题混合C"}
{"time": "2026-09-04 16:20:15", "event": "user_fix", "query": "015667", "fund_code": "015667", "reason": "用户手动修正", "score": null, "matched_name": "银河文体娱乐混合C"}
{"time": "2026-09-04 16:20:15", "event": "user_fix", "query": "017736", "fund_code": "017736", "reason": "用户手动修正", "score": null, "matched_name": "融通明锐混合C"}
{"time": "2026-09-04 16:20:15", "event": "user_fix", "query": "023255", "fund_code": "023255", "reason": "用户手动修正", "score": null, "matched_name": "汇添富中证全指软件ETF发起式联接C"}
{"time": "2026-09-04 16:20:15", "event": "user_fix", "query": "012620", "fund_code": "012620", "reason": "用户手动修正", "score": null, "matched_name": "嘉实中证软件服务ETF联接C"}
{"time": "2026-09-04 16:20:15", "event": "user_fix", "query": "019062", "fund_code": "019062", "reason": "用户手动修正", "score": null, "matched_name": "易方达软件ETF联接C"}
{"time": "2026-09-04 16:20:15", "event": "user_fix", "query": "012847", "fund_code": "012847", "reason": "用户手动修正", "score": null, "matched_name": "诺安积极回报混合C"}
{"time": "2026-09-04 16:20:15", "event": "user_fix", "query": "016074", "fund_code": "016074", "reason": "用户手动修正", "score": null, "matched_name": "创金合信软件产业股票发起C"}
{"time": "2026-09-04 16:20:15", "event": "user_fix", "query": "024224", "fund_code": "024224", "reason": "用户手动修正", "score": null, "matched_name": "国新国证新锐C"}
{"time": "2026-09-04 16:20:15", "event": "user_fix", "query": "020594", "fund_code": "020594", "reason": "用户手动修正", "score": null, "matched_name": "华夏软件龙头混合发起式C"}
{"time": "2026-09-04 16:20:15", "event": "user_fix", "query": "020486", "fund_code": "020486", "reason": "用户手动修正", "score": null, "matched_name": "华富智慧城市灵活配置混合C"}
{"time": "2026-09-04 16:20:15", "event": "user_fix", "query": "001252", "fund_code": "001252", "reason": "用户手动修正", "score": null, "matched_name": "中海进取收益混合"}
{"time": "2026-09-04 16:20:15", "event": "user_fix", "query": "019395", "fund_code": "019395", "reason": "用户手动修正", "score": null, "matched_name": "浦银策略优选混合C"}
{"time": "2026-09-04 16:20:15", "event": "user_fix", "query": "018049", "fund_code": "018049", "reason": "用户手动修正", "score": null, "matched_name": "申万菱信数字产业股票型发起式C"}
{"time": "2026-09-04 16:20:15", "event": "user_fix", "query": "018463", "fund_code": "018463", "reason": "用户手动修正", "score": null, "matched_name": "德邦稳盈增长灵活配置混合C"}
{"time": "2026-09-04 16:20:15", "event": "user_fix", "query": "015311", "fund_code": "015311", "reason": "用户手动修正", "score": null, "matched_name": "华泰柏瑞恒生科技ETF联接(QDII)C"}
{"time": "2026-09-04 16:20:15", "event": "user_fix", "query": "013172", "fund_code": "013172", "reason": "用户手动修正", "score": null, "matched_name": "华夏恒生互联网科技业ETF联接(QDII)C"}
{"time": "2026-09-04 16:20:15", "event": "user_fix", "query": "021634", "fund_code": "021634", "reason": "用户手动修正", "score": null, "matched_name": "招商中证香港科技ETF发起式联接(QDII)C"}
{"time": "2026-09-04 16:20:15", "event": "user_fix", "query": "018524", "fund_code": "018524", "reason": "用户手动修正", "score": null, "matched_name": "华泰紫金恒生互联网科技业指数型发起基金(QDII)C"}
{"time": "2026-09-04 16:20:15", "event": "user_fix", "query": "019937", "fund_code": "019937", "reason": "用户手动修正", "score": null, "matched_name": "华安恒生互联网科技业ETF发起式联接(QDII)C"}
{"time": "2026-09-04 16:20:15", "event": "user_fix", "query": "018476", "fund_code": "018476", "reason": "用户手动修正", "score": null, "matched_name": "万家恒生互联网科技业ETF发起式联接(QDII)C"}
{"time": "2026-09-04 16:20:15", "event": "user_fix", "query": "024038", "fund_code": "024038", "reason": "用户手动修正", "score": null, "matched_name": "银华港股科技30联接C"}
{"time": "2026-09-04 16:20:15", "event": "user_fix", "query": "025167", "fund_code": "025167", "reason": "用户手动修正", "score": null, "matched_name": "汇添富恒生港股通中国科技ETF联接C"}
{"time": "2026-09-04 16:20:15", "event": "user_fix", "query": "025198", "fund_code": "025198", "reason": "用户手动修正", "score": null, "matched_name": "广发港股通科技ETF联接C"}
{"time": "2026-09-04 16:20:15", "event": "user_fix", "query": "025720", "fund_code": "025720", "reason": "用户手动修正", "score": null, "matched_name": "嘉实恒生港股通科技主题ETF联接C"}
{"time": "2026-09-04 16:20:15", "event": "user_fix", "query": "025526", "fund_code": "025526", "reason": "用户手动修正", "score": null, "matched_name": "平安恒生港股通科技主题ETF发起式联接C"}
{"time": "2026-09-04 16:20:15", "event": "user_fix", "query": "012349", "fund_code": "012349", "reason": "用户手动修正", "score": null, "matched_name": "天弘恒生科技ETF联接C"}
{"time": "2026-09-04 16:20:15", "event": "user_fix", "query": "013309", "fund_code": "013309", "reason": "用户手动修正", "score": null, "matched_name": "易方达恒生科技ETF联接(QDII)C"}
{"time": "2026-09-04 16:20:15", "event": "user_fix", "query": "015283", "fund_code": "015283", "reason": "用户手动修正", "score": null, "matched_name": "华安恒生科技ETF发起式联接(QDII)C"}
{"time": "2026-09-04 16:20:15", "event": "user_fix", "query": "013403", "fund_code": "013403", "reason": "用户手动修正", "score": null, "matched_name": "华夏恒生科技ETF发起式联接(QDII)C"}
{"time": "2026-09-04 16:20:15", "event": "user_fix", "query": "012805", "fund_code": "012805", "reason": "用户手动修正", "score": null, "matched_name": "广发恒生科技ETF联接(QDII)C"}
{"time": "2026-09-04 16:20:15", "event": "user_fix", "query": "020989", "fund_code": "020989", "reason": "用户手动修正", "score": null, "matched_name": "南方恒生科技ETF发起联接(QDII)C"}
{"time": "2026-09-04 16:20:15", "event": "user_fix", "query": "013128", "fund_code": "013128", "reason": "用户手动修正", "score": null, "matched_name": "汇添富恒生科技ETF联接发起式(QDII)C"}
{"time": "2026-09-04 16:20:15", "event": "user_fix", "query": "014439", "fund_code": "014439", "reason": "用户手动修正", "score": null, "matched_name": "博时恒生科技ETF发起式联接(QDII)C"}
{"time": "2026-09-04 16:20:15", "event": "user_fix", "query": "012980", "fund_code": "012980", "reason": "用户手动修正", "score": null, "matched_name": "大成恒生科技ETF发起式联接C"}
{"time": "2026-09-04 16:20:15", "event": "user_fix", "query": "012571", "fund_code": "012571", "reason": "用户手动修正", "score": null, "matched_name": "建信恒生科技指数发起(QDII)C"}
{"time": "2026-09-04 16:20:15", "event": "user_fix", "query": "018578", "fund_code": "018578", "reason": "用户手动修正", "score": null, "matched_name": "摩根恒生科技ETF发起式联接(QDII)C"}
{"time": "2026-09-04 16:20:15", "event": "user_fix", "query": "023035", "fund_code": "023035", "reason": "用户手动修正", "score": null, "matched_name": "中欧恒生科技指数发起(QDII)C"}
{"time": "2026-09-04 16:20:15", "event": "user_fix", "query": "024167", "fund_code": "024167", "reason": "用户手动修正", "score": null, "matched_name": "西部利得恒生科技指数(QDII)C"}
{"time": "2026-09-04 16:20:15", "event": "user_fix", "query": "027766", "fund_code": "027766", "reason": "用户手动修正", "score": null, "matched_name": "嘉实恒生科技ETF发起联接(QDII)C"}
{"time": "2026-09-04 16:20:15", "event": "user_fix", "query": "006614", "fund_code": "006614", "reason": "用户手动修正", "score": null, "matched_name": "嘉实港股通新经济指数C"}
{"time": "2026-09-04 16:20:15", "event": "user_fix", "query": "513130", "fund_code": "513130", "reason": "用户手动修正", "score": null, "matched_name": "恒生科技ETF华泰柏瑞"}
{"time": "2026-09-04 16:20:15", "event": "user_fix", "query": "016496", "fund_code": "016496", "reason": "用户手动修正", "score": null, "matched_name": "景顺长城中证港股通科技ETF发起联接C"}
{"time": "2026-09-04 16:20:15", "event": "user_fix", "query": "015740", "fund_code": "015740", "reason": "用户手动修正", "score": null, "matched_name": "国泰中证港股通科技ETF发起联接C"}
{"time": "2026-09-04 16:20:15", "event": "user_fix", "query": "026174", "fund_code": "026174", "reason": "用户手动修正", "score": null, "matched_name": "路博迈港股通科技股票C"}
{"time": "2026-09-04 16:20:15", "event": "user_fix", "query": "027700", "fund_code": "027700", "reason": "用户手动修正", "score": null, "matched_name": "万家港股通科技智选混合发起式C"}
{"time": "2026-09-04 16:20:15", "event": "user_fix", "query": "009897", "fund_code": "009897", "reason": "用户手动修正", "score": null, "matched_name": "广发港股通成长精选股票C"}
{"time": "2026-09-04 16:20:15", "event": "user_fix", "query": "024535", "fund_code": "024535", "reason": "用户手动修正", "score": null, "matched_name": "平安港股通科技精选混合C"}
{"time": "2026-09-04 16:20:15", "event": "user_fix", "query": "024736", "fund_code": "024736", "reason": "用户手动修正", "score": null, "matched_name": "永赢港股通科技智选混合发起C"}
{"time": "2026-09-04 16:20:15", "event": "user_fix", "query": "014864", "fund_code": "014864", "reason": "用户手动修正", "score": null, "matched_name": "建信食品饮料行业股票C"}
{"time": "2026-09-04 16:20:15", "event": "user_fix", "query": "003685", "fund_code": "003685", "reason": "用户手动修正", "score": null, "matched_name": "汇安丰融混合C"}
{"time": "2026-09-04 16:20:15", "event": "user_fix", "query": "001632", "fund_code": "001632", "reason": "用户手动修正", "score": null, "matched_name": "天弘中证食品饮料ETF联接C"}
{"time": "2026-09-04 16:20:15", "event": "user_fix", "query": "012341", "fund_code": "012341", "reason": "用户手动修正", "score": null, "matched_name": "东财食品饮料增强C"}
{"time": "2026-09-04 16:20:15", "event": "user_fix", "query": "013126", "fund_code": "013126", "reason": "用户手动修正", "score": null, "matched_name": "华夏食品饮料ETF联接C"}
{"time": "2026-09-04 16:20:15", "event": "user_fix", "query": "005236", "fund_code": "005236", "reason": "用户手动修正", "score": null, "matched_name": "银华食品饮料量化股票发起式C"}
{"time": "2026-09-04 16:20:15", "event": "user_fix", "query": "015040", "fund_code": "015040", "reason": "用户手动修正", "score": null, "matched_name": "国泰国证食品饮料行业(LOF)C"}
{"time": "2026-09-04 16:20:15", "event": "user_fix", "query": "013027", "fund_code": "013027", "reason": "用户手动修正", "score": null, "matched_name": "银华富久食品饮料精选混合(LOF)C"}
{"time": "2026-09-04 16:20:15", "event": "user_fix", "query": "013290", "fund_code": "013290", "reason": "用户手动修正", "score": null, "matched_name": "工银食品饮料混合C"}
{"time": "2026-09-04 16:20:15", "event": "user_fix", "query": "023537", "fund_code": "023537", "reason": "用户手动修正", "score": null, "matched_name": "博时中证金融科技主题ETF联接C"}
{"time": "2026-09-04 16:20:15", "event": "user_fix", "query": "013478", "fund_code": "013478", "reason": "用户手动修正", "score": null, "matched_name": "华宝中证金融科技主题ETF发起式联接C"}
{"time": "2026-09-04 16:20:15", "event": "user_fix", "query": "023885", "fund_code": "023885", "reason": "用户手动修正", "score": null, "matched_name": "华夏中证金融科技主题ETF发起式联接C"}
{"time": "2026-09-04 16:20:15", "event": "user_fix", "query": "027390", "fund_code": "027390", "reason": "用户手动修正", "score": null, "matched_name": "前海开源中证金融科技主题指数C"}
{"time": "2026-09-04 16:20:15", "event": "user_fix", "query": "027167", "fund_code": "027167", "reason": "用户手动修正", "score": null, "matched_name": "汇添富中证金融科技主题ETF发起式联接C"}
{"time": "2026-09-04 16:20:15", "event": "user_fix", "query": "168702", "fund_code": "168702", "reason": "用户手动修正", "score": null, "matched_name": "合煦智远金融科技指数(LOF)C"}
{"time": "2026-09-04 16:20:15", "event": "user_fix", "query": "014673", "fund_code": "014673", "reason": "用户手动修正", "score": null, "matched_name": "富国中证港股通互联网ETF发起式联接A"}
{"time": "2026-09-04 16:20:15", "event": "user_fix", "query": "017126", "fund_code": "017126", "reason": "用户手动修正", "score": null, "matched_name": "华宝中证港股通互联网ETF发起联接C"}
{"time": "2026-09-04 16:20:15", "event": "user_fix", "query": "021093", "fund_code": "021093", "reason": "用户手动修正", "score": null, "matched_name": "广发中证港股通互联网ETF发起式联接C"}
{"time": "2026-09-04 16:20:15", "event": "user_fix", "query": "021378", "fund_code": "021378", "reason": "用户手动修正", "score": null, "matched_name": "兴业中证港股通互联网ETF联接C"}
{"time": "2026-09-04 16:20:15", "event": "user_fix", "query": "027128", "fund_code": "027128", "reason": "用户手动修正", "score": null, "matched_name": "国泰中证港股通互联网ETF发起联接C"}
{"time": "2026-09-04 16:20:15", "event": "user_fix", "query": "023764", "fund_code": "023764", "reason": "用户手动修正", "score": null, "matched_name": "华夏恒生互联网科技业ETF发起式联接(QDII)D"}
{"time": "2026-09-04 16:20:15", "event": "user_fix", "query": "011925", "fund_code": "011925", "reason": "用户手动修正", "score": null, "matched_name": "嘉实港股互联网产业核心资产C"}
{"time": "2026-09-04 16:20:15", "event": "user_fix", "query": "004753", "fund_code": "004753", "reason": "用户手动修正", "score": null, "matched_name": "广发中证传媒ETF联接C"}
{"time": "2026-09-04 16:20:15", "event": "user_fix", "query": "015675", "fund_code": "015675", "reason": "用户手动修正", "score": null, "matched_name": "鹏华中证传媒指数(LOF)C"}
{"time": "2026-09-04 16:20:15", "event": "user_fix", "query": "010677", "fund_code": "010677", "reason": "用户手动修正", "score": null, "matched_name": "工银传媒指数C"}
{"time": "2026-09-04 16:20:15", "event": "user_fix", "query": "164818", "fund_code": "164818", "reason": "用户手动修正", "score": null, "matched_name": "工银传媒指数A"}
{"time": "2026-09-04 16:20:15", "event": "user_fix", "query": "012769", "fund_code": "012769", "reason": "用户手动修正", "score": null, "matched_name": "华夏中证动漫游戏ETF发起式联接C"}
{"time": "2026-09-04 16:20:15", "event": "user_fix", "query": "012729", "fund_code": "012729", "reason": "用户手动修正", "score": null, "matched_name": "国泰中证动漫游戏ETF联接C"}
{"time": "2026-09-04 16:20:15", "event": "user_fix", "query": "018590", "fund_code": "018590", "reason": "用户手动修正", "score": null, "matched_name": "银华体育文化灵活配置混合C"}
{"time": "2026-09-04 16:20:15", "event": "user_fix", "query": "013278", "fund_code": "013278", "reason": "用户手动修正", "score": null, "matched_name": "富国中证体育产业指数(LOF)C"}
{"time": "2026-09-04 16:20:15", "event": "user_fix", "query": "002583", "fund_code": "002583", "reason": "用户手动修正", "score": null, "matched_name": "泰信行业精选混合C"}
{"time": "2026-09-04 16:20:15", "event": "user_fix", "query": "027762", "fund_code": "027762", "reason": "用户手动修正", "score": null, "matched_name": "广发国证粮食产业ETF发起式联接C"}
{"time": "2026-09-04 16:20:15", "event": "user_fix", "query": "012725", "fund_code": "012725", "reason": "用户手动修正", "score": null, "matched_name": "国泰中证畜牧养殖ETF联接C"}
{"time": "2026-09-04 16:20:15", "event": "user_fix", "query": "014415", "fund_code": "014415", "reason": "用户手动修正", "score": null, "matched_name": "招商中证畜牧养殖ETF联接C"}
{"time": "2026-09-04 16:20:15", "event": "user_fix", "query": "014064", "fund_code": "014064", "reason": "用户手动修正", "score": null, "matched_name": "银华农业产业股票发起式C"}
{"time": "2026-09-04 16:20:15", "event": "user_fix", "query": "008425", "fund_code": "008425", "reason": "用户手动修正", "score": null, "matched_name": "国联品牌优选混合C"}
{"time": "2026-09-04 16:20:15", "event": "user_fix", "query": "027711", "fund_code": "027711", "reason": "用户手动修正", "score": null, "matched_name": "汇添富中证畜牧养殖产业ETF发起式联接C"}
{"time": "2026-09-04 16:20:15", "event": "user_fix", "query": "015468", "fund_code": "015468", "reason": "用户手动修正", "score": null, "matched_name": "嘉实农业产业股票C"}
{"time": "2026-09-04 16:20:15", "event": "user_fix", "query": "015210", "fund_code": "015210", "reason": "用户手动修正", "score": null, "matched_name": "前海开源沪港深农业混合C"}
{"time": "2026-09-04 16:20:15", "event": "user_fix", "query": "010770", "fund_code": "010770", "reason": "用户手动修正", "score": null, "matched_name": "天弘中证农业主题ETF联接C"}
{"time": "2026-09-04 16:20:15", "event": "user_fix", "query": "015879", "fund_code": "015879", "reason": "用户手动修正", "score": null, "matched_name": "富国中证农业主题ETF联接C"}
{"time": "2026-09-04 16:20:15", "event": "user_fix", "query": "021831", "fund_code": "021831", "reason": "用户手动修正", "score": null, "matched_name": "国寿安保农业产业股票发起式C"}
{"time": "2026-09-04 16:20:15", "event": "user_fix", "query": "028552", "fund_code": "028552", "reason": "用户手动修正", "score": null, "matched_name": "招商国证粮食产业指数发起式C"}
{"time": "2026-09-04 16:20:15", "event": "user_fix", "query": "021087", "fund_code": "021087", "reason": "用户手动修正", "score": null, "matched_name": "鹏华国证粮食产业ETF发起式联接C"}
{"time": "2026-09-04 16:20:15", "event": "user_fix", "query": "020651", "fund_code": "020651", "reason": "用户手动修正", "score": null, "matched_name": "博时国证粮食产业ETF发起式联接C"}
{"time": "2026-09-04 16:20:15", "event": "user_fix", "query": "015484", "fund_code": "015484", "reason": "用户手动修正", "score": null, "matched_name": "前海开源中证大农业指数增强C"}
